"accession_id","name","country","latitude","longitude","count_phenotypes"
1,"ALL1-2","France",45.2667,1.48333,130
2,"ALL1-3","France",45.2667,1.48333,115
4,"ALL1-5","France",45.2667,1.48333,0
5,"ALL1-6","France",45.2667,1.48333,8
6,"ALL1-7","France",45.2667,1.48333,8
7,"ALL1-8","France",45.2667,1.48333,6
8,"ALL1-9","France",45.2667,1.48333,8
9,"ALL2-1","France",45.2667,1.48333,8
12,"ALL2-4","France",45.2667,1.48333,6
23,"CAM-16","France",48.2667,-4.58333,129
32,"CAM-25","France",48.2667,-4.58333,8
45,"CAM-42","France",48.2667,-4.58333,6
48,"CAM-45","France",48.2667,-4.58333,8
51,"CAM-48","France",48.2667,-4.58333,7
60,"CAM-56","France",48.2667,-4.58333,8
62,"CAM-58","France",48.2667,-4.58333,8
66,"CAM-61","France",48.2667,-4.58333,129
69,"CAM-64","France",48.2667,-4.58333,6
74,"CAM-7","France",48.2667,-4.58333,8
77,"CLA-7","France",48.8,2.26667,5
79,"CUR-10","France",45,1.75,8
80,"CUR-2","France",45,1.75,8
81,"CUR-3","France",45,1.75,126
82,"CUR-4","France",45,1.75,8
83,"CUR-5","France",45,1.75,8
84,"CUR-6","France",45,1.75,8
85,"CUR-7","France",45,1.75,8
86,"CUR-8","France",45,1.75,22
87,"CUR-9","France",45,1.75,8
88,"CYR","France",47.4,0.683333,23
89,"DAM1","France",48.7,1.98333,8
91,"JEA","France",43.6833,7.33333,122
94,"LAC-3","France",47.7,6.81667,129
96,"LAC-5","France",47.7,6.81667,215
104,"LDV-14","France",48.5167,-4.06667,111
106,"LDV-16","France",48.5167,-4.06667,0
108,"LDV-18","France",48.5167,-4.06667,15
116,"LDV-25","France",48.5167,-4.06667,127
121,"LDV-3","France",48.5167,-4.06667,6
122,"LDV-30","France",48.5167,-4.06667,8
123,"LDV-31","France",48.5167,-4.06667,8
126,"LDV-34","France",48.5167,-4.06667,128
137,"LDV-44","France",48.5167,-4.06667,6
139,"LDV-46","France",48.5167,-4.06667,18
146,"LDV-53","France",48.5167,-4.06667,6
148,"LDV-57","France",48.5167,-4.06667,0
149,"LDV-58","France",48.5167,-4.06667,210
151,"LDV-6","France",48.5167,-4.06667,8
153,"LDV-68","France",48.5167,-4.06667,8
156,"LDV-70","France",48.5167,-4.06667,8
157,"LDV-8","France",48.5167,-4.06667,8
159,"MAR2-3","France",47.35,3.93333,144
160,"MIB-1","France",47.3833,5.31667,8
162,"MIB-100","France",47.3833,5.31667,8
163,"MIB-11","France",47.3833,5.31667,0
165,"MIB-14","France",47.3833,5.31667,6
166,"MIB-15","France",47.3833,5.31667,129
167,"MIB-16","France",47.3833,5.31667,6
168,"MIB-17","France",47.3833,5.31667,8
169,"MIB-19","France",47.3833,5.31667,1
170,"MIB-2","France",47.3833,5.31667,5
171,"MIB-20","France",47.3833,5.31667,8
173,"MIB-22","France",47.3833,5.31667,131
174,"MIB-23","France",47.3833,5.31667,5
175,"MIB-24","France",47.3833,5.31667,8
178,"MIB-28","France",47.3833,5.31667,129
179,"MIB-29","France",47.3833,5.31667,8
183,"MIB-32","France",47.3833,5.31667,8
184,"MIB-33","France",47.3833,5.31667,8
185,"MIB-34","France",47.3833,5.31667,6
186,"MIB-35","France",47.3833,5.31667,5
187,"MIB-36","France",47.3833,5.31667,8
188,"MIB-37","France",47.3833,5.31667,8
190,"MIB-39","France",47.3833,5.31667,8
191,"MIB-40","France",47.3833,5.31667,8
194,"MIB-43","France",47.3833,5.31667,8
196,"MIB-47","France",47.3833,5.31667,8
198,"MIB-50","France",47.3833,5.31667,8
200,"MIB-54","France",47.3833,5.31667,7
201,"MIB-55","France",47.3833,5.31667,8
202,"MIB-57","France",47.3833,5.31667,8
203,"MIB-58","France",47.3833,5.31667,8
204,"MIB-60","France",47.3833,5.31667,55
205,"MIB-61","France",47.3833,5.31667,5
206,"MIB-62","France",47.3833,5.31667,44
207,"MIB-63","France",47.3833,5.31667,8
208,"MIB-64","France",47.3833,5.31667,8
210,"MIB-67","France",47.3833,5.31667,6
212,"MIB-69","France",47.3833,5.31667,8
213,"MIB-70","France",47.3833,5.31667,6
214,"MIB-73","France",47.3833,5.31667,6
215,"MIB-75","France",47.3833,5.31667,8
216,"MIB-76","France",47.3833,5.31667,7
217,"MIB-77","France",47.3833,5.31667,8
219,"MIB-80","France",47.3833,5.31667,7
222,"MIB-83","France",47.3833,5.31667,5
223,"MIB-84","France",47.3833,5.31667,121
224,"MIB-86","France",47.3833,5.31667,90
225,"MIB-87","France",47.3833,5.31667,8
227,"MIB-89","France",47.3833,5.31667,8
228,"MIB-9","France",47.3833,5.31667,8
229,"MIB-90","France",47.3833,5.31667,5
230,"MIB-92","France",47.3833,5.31667,5
231,"MIB-93","France",47.3833,5.31667,6
236,"MOG-11","France",48.6667,-4.06667,87
237,"MOG-12","France",48.6667,-4.06667,6
242,"MOG-37","France",48.6667,-4.06667,130
244,"MOG-40","France",48.6667,-4.06667,6
252,"MOG-55","France",48.6667,-4.06667,44
257,"PAR-10","France",46.65,-0.25,8
258,"PAR-3","France",46.65,-0.25,128
259,"PAR-4","France",46.65,-0.25,130
260,"PAR-5","France",46.65,-0.25,106
261,"PAR-6","France",46.65,-0.25,8
262,"PAR-8","France",46.65,-0.25,87
263,"PAR-9","France",46.65,-0.25,8
264,"PON","France",45.75,4.71667,44
265,"PYL-6","France",44.65,-1.16667,133
266,"RAN","France",48.65,-2,56
267,"ROM-1","France",45.5333,4.85,118
268,"ROM-2","France",45.5333,4.85,6
269,"ROM-9","France",45.5333,4.85,8
273,"TOU-A1-105","France",46.6667,4.11667,7
275,"TOU-A1-109","France",46.6667,4.11667,3
277,"TOU-A1-111","France",46.6667,4.11667,5
278,"TOU-A1-112","France",46.6667,4.11667,6
280,"TOU-A1-114","France",46.6667,4.11667,8
281,"TOU-A1-115","France",46.6667,4.11667,128
282,"TOU-A1-116","France",46.6667,4.11667,130
283,"TOU-A1-117","France",46.6667,4.11667,8
287,"TOU-A1-120","France",46.6667,4.11667,8
288,"TOU-A1-122","France",46.6667,4.11667,4
290,"TOU-A1-124","France",46.6667,4.11667,6
291,"TOU-A1-125","France",46.6667,4.11667,5
292,"TOU-A1-128","France",46.6667,4.11667,8
293,"TOU-A1-129","France",46.6667,4.11667,8
295,"TOU-A1-131","France",46.6667,4.11667,8
296,"TOU-A1-133","France",46.6667,4.11667,7
297,"TOU-A1-134","France",46.6667,4.11667,8
298,"TOU-A1-137","France",46.6667,4.11667,6
302,"TOU-A1-143","France",46.6667,4.11667,8
306,"TOU-A1-18","France",46.6667,4.11667,5
309,"TOU-A1-23","France",46.6667,4.11667,8
310,"TOU-A1-26","France",46.6667,4.11667,8
311,"TOU-A1-27","France",46.6667,4.11667,0
314,"TOU-A1-33","France",46.6667,4.11667,8
316,"TOU-A1-37","France",46.6667,4.11667,6
318,"TOU-A1-39","France",46.6667,4.11667,8
320,"TOU-A1-41","France",46.6667,4.11667,8
321,"TOU-A1-43","France",46.6667,4.11667,130
322,"TOU-A1-45","France",46.6667,4.11667,5
323,"TOU-A1-47","France",46.6667,4.11667,8
326,"TOU-A1-60","France",46.6667,4.11667,8
327,"TOU-A1-61","France",46.6667,4.11667,8
328,"TOU-A1-62","France",46.6667,4.11667,131
329,"TOU-A1-63","France",46.6667,4.11667,6
331,"TOU-A1-65","France",46.6667,4.11667,7
332,"TOU-A1-66","France",46.6667,4.11667,6
334,"TOU-A1-68","France",46.6667,4.11667,8
335,"TOU-A1-69","France",46.6667,4.11667,8
337,"TOU-A1-70","France",46.6667,4.11667,8
338,"TOU-A1-73","France",46.6667,4.11667,5
339,"TOU-A1-74","France",46.6667,4.11667,8
340,"TOU-A1-75","France",46.6667,4.11667,6
341,"TOU-A1-77","France",46.6667,4.11667,8
343,"TOU-A1-79","France",46.6667,4.11667,5
346,"TOU-A1-81","France",46.6667,4.11667,6
347,"TOU-A1-82","France",46.6667,4.11667,8
348,"TOU-A1-84","France",46.6667,4.11667,6
349,"TOU-A1-85","France",46.6667,4.11667,5
350,"TOU-A1-88","France",46.6667,4.11667,10
351,"TOU-A1-89","France",46.6667,4.11667,10
355,"TOU-A1-93","France",46.6667,4.11667,8
357,"TOU-A1-96","France",46.6667,4.11667,68
359,"TOU-A1-98","France",46.6667,4.11667,8
360,"TOU-C-1","France",46.6667,4.11667,8
361,"TOU-C-2","France",46.6667,4.11667,8
362,"TOU-C-3","France",46.6667,4.11667,122
363,"TOU-D-1","France",46.6667,4.11667,8
364,"TOU-D-5","France",46.6667,4.11667,8
366,"TOU-E-11","France",46.6667,4.11667,115
367,"TOU-E-2","France",46.6667,4.11667,7
368,"TOU-E-7","France",46.6667,4.11667,8
369,"TOU-F-1","France",46.6667,4.11667,6
371,"TOU-G-1","France",46.6667,4.11667,5
372,"TOU-H-10","France",46.6667,4.11667,8
373,"TOU-H-12","France",46.6667,4.11667,110
374,"TOU-H-13","France",46.6667,4.11667,129
375,"TOU-H-3","France",46.6667,4.11667,8
377,"TOU-I-1","France",46.6667,4.11667,6
378,"TOU-I-17","France",46.6667,4.11667,129
379,"TOU-I-2","France",46.6667,4.11667,130
380,"TOU-I-6","France",46.6667,4.11667,129
383,"TOU-J-3","France",46.6667,4.11667,118
385,"TOU-K-2","France",46.6667,4.11667,8
386,"TOU-K-3","France",46.6667,4.11667,124
387,"TOU-L-10","France",46.6667,4.11667,8
388,"TOU-L-17","France",46.6667,4.11667,8
389,"TOU-L-5","France",46.6667,4.11667,7
390,"VOU-1","France",46.65,0.166667,124
391,"VOU-10","France",46.65,0.166667,8
392,"VOU-2","France",46.65,0.166667,130
393,"VOU-4","France",46.65,0.166667,8
394,"VOU-5","France",46.65,0.166667,92
395,"VOU-6","France",46.65,0.166667,8
396,"VOU-7","France",46.65,0.166667,6
397,"VOU-8","France",46.65,0.166667,6
402,"Zdarec2","Czech Republic",49.3667,16.2667,0
403,"Zdarec3","Czech Republic",49.3667,16.2667,132
404,"Doubravnik1","Czech Republic",49.4211,16.3497,0
407,"Doubravnik4","Czech Republic",49.4211,16.3497,0
409,"Doubravnik6","Czech Republic",49.4211,16.3497,0
410,"Doubravnik7","Czech Republic",49.4211,16.3497,21
413,"Doubravnik10","Czech Republic",49.4211,16.3497,0
417,"Doubravnik14","Czech Republic",49.4211,16.3497,0
421,"Doubravnik18","Czech Republic",49.4211,16.3497,0
424,"Draha2","Czech Republic",49.4112,16.2815,10
428,"Borky1","Czech Republic",49.403,16.232,15
429,"Borky2","Czech Republic",49.403,16.232,0
430,"Gr-1","Austria",47,15.5,49
461,"EM-183","UK",51.3,0.5,45
466,"EM-134","UK",51.3,0.5,0
470,"BRR4","US",40.8313,-87.735,0
476,"BRR12","US",40.8313,-87.735,0
484,"BRR23","US",40.8313,-87.735,0
504,"BRR57","US",40.8313,-87.735,0
506,"BRR60","US",40.8313,-87.735,0
531,"BRR107","US",40.8313,-87.735,0
544,"LI-WP-039","US",40.9076,-73.2089,0
546,"LI-WP-041","US",40.9076,-73.2089,0
607,"LI-OF-002","US",40.7777,-72.9069,0
615,"LI-OF-023","US",40.7777,-72.9069,0
623,"LI-OF-042","US",40.7777,-72.9069,0
627,"LI-OF-060","US",40.7777,-72.9069,0
628,"LI-OF-061","US",40.7777,-72.9069,0
630,"LI-OF-065","US",40.7777,-72.9069,10
631,"LI-OF-066","US",40.7777,-72.9069,0
640,"LI-OF-094","US",40.7777,-72.9069,0
641,"LI-OF-095","US",40.7777,-72.9069,123
680,"LI-RR-096","US",40.9447,-72.8615,0
681,"LI-RR-097","US",40.9447,-72.8615,0
685,"LI-EF-011","US",40.9064,-73.1493,0
687,"LI-EF-018","US",40.9064,-73.1493,0
719,"LI-SET-009","US",40.9352,-73.114,0
728,"LI-SET-019","US",40.9352,-73.114,0
742,"LI-SET-036","US",40.9352,-73.114,0
763,"Kar-1","Kyrgyzstan",42.3,74.3667,164
765,"Sus-1","Kyrgyzstan",42.1833,73.4,165
766,"Dja-1","Kyrgyzstan",42.5833,73.6333,150
768,"Zal-1","Kyrgyzstan",42.8,76.35,152
772,"Neo-6","Tajikistan",37.35,72.4667,165
801,"KYC-33","US",37.9169,-84.4639,34
827,"KYF-21","US",38.0786,-84.473,0
853,"MIA-1","US",41.7976,-86.6691,0
854,"MIA-5","US",41.7976,-86.6691,0
867,"MIC-20","US",41.8266,-86.4366,0
868,"MIC-24","US",41.8266,-86.4366,0
870,"MIC-31","US",41.8266,-86.4366,7
895,"MAW-7","US",42.5319,-72.5595,0
915,"LIN S-5","US",41.8972,-71.4378,34
932,"CHA-41","US",42.3634,-71.1445,31
936,"FOR-5","US",42.3853,-71.1173,83
946,"CON-6","US",42.4682,-71.4158,0
957,"Belmonte-4-94","Italy",42.1167,12.4833,122
991,"Ale-Stenar-41-1","Sweden",55.3833,14.05,21
992,"Ale-Stenar-44-4","Sweden",55.3833,14.05,28
996,"Ale-Stenar-50-11","Sweden",55.3833,14.05,0
997,"Ale-Stenar-56-14","Sweden",55.3833,14.05,26
998,"Ale-Stenar-57-16","Sweden",55.3833,14.05,6
999,"Ale-Stenar-59-18","Sweden",55.3833,14.05,0
1002,"Ale-Stenar-64-24","Sweden",55.3833,14.05,29
1006,"Ale-Stenar-77-31","Sweden",55.3833,14.05,0
1026,"VM-12","Sweden",55.7,14.2,0
1061,"Brösarp-11-135","Sweden",55.7167,14.1333,21
1062,"Brösarp-15-138","Sweden",55.7167,14.1333,13
1063,"Brösarp-21-140","Sweden",55.7167,14.1333,13
1064,"Brösarp-25-142","Sweden",55.7167,14.1333,0
1066,"Brösarp-34-145","Sweden",55.7167,14.1333,12
1068,"Brösarp-37-149","Sweden",55.7167,14.1333,0
1070,"Brösarp-45-153","Sweden",55.7167,14.1333,3
1072,"Brösarp-51-157","Sweden",55.7167,14.1333,5
1073,"Brösarp-53-159","Sweden",55.7167,14.1333,0
1075,"Brösarp-63-163","Sweden",55.7167,14.1333,0
1132,"Gårdby-17-198","Sweden",56.6167,16.65,0
1153,"Aledal-1-34","Sweden",56.7,16.5167,0
1158,"Aledal-6-49","Sweden",56.7,16.5167,7
1163,"Aledal-11-63","Sweden",56.7,16.5167,0
1166,"Aledal-14-73","Sweden",56.7,16.5167,5
1169,"Aledal-17-82","Sweden",56.7,16.5167,0
1247,"Tos-31-374","Sweden",59.4333,17.0167,0
1254,"Tos-82-387","Sweden",59.4333,17.0167,16
1256,"Tos-93-391","Sweden",59.4333,17.0167,5
1257,"Tos-95-393","Sweden",59.4333,17.0167,7
1312,"Ängsö-57-419","Sweden",59.5667,16.8667,5
1313,"Ängsö-59-422","Sweden",59.5667,16.8667,0
1317,"Ängsö-74-430","Sweden",59.5667,16.8667,12
1318,"Ängsö-80-432","Sweden",59.5667,16.8667,2
1360,"Ham-2-228","Sweden",59.7833,17.5833,0
1362,"Ham-6-232","Sweden",59.7833,17.5833,0
1363,"Ham-7-233","Sweden",59.7833,17.5833,2
1366,"Ham-10-239","Sweden",59.7833,17.5833,5
1374,"Ham-27-256","Sweden",59.7833,17.5833,0
1391,"Stabby-13","Sweden",59.8,17.5833,5
1404,"Stabby-26","Sweden",59.8,17.5833,0
1409,"Röd-38","Sweden",62.8,18.2,0
1416,"Röd-45","Sweden",62.8,18.2,0
1435,"Röd-17-319","Sweden",62.8,18.2,13
1552,"Sku-30","Sweden",63.0833,18.3667,131
1585,"Hen-16-268","Sweden",65.25,15.6,2
1612,"Brn-10","US",41.9,-86.583,0
1622,"Brn-24","US",41.9,-86.583,0
1651,"DuckLkSP38","US",43.3431,-86.4045,0
1652,"DuckLkSP40","US",43.3431,-86.4045,0
1676,"Haz-2","US",41.879,-86.607,0
1684,"Haz-10","US",41.879,-86.607,0
1716,"KBS-Mac-8","US",42.405,-85.398,111
1718,"KBS-Mac-15","US",42.405,-85.398,0
1719,"KBS-Mac-16","US",42.405,-85.398,36
1720,"KBS-Mac-17","US",42.405,-85.398,0
1722,"KBS-Mac-23","US",42.405,-85.398,0
1724,"KBS-Mac-28","US",42.405,-85.398,0
1726,"KBS-Mac-33","US",42.405,-85.398,0
1729,"KBS-Mac-41","US",42.405,-85.398,0
1730,"KBS-Mac-43","US",42.405,-85.398,0
1733,"KBS-Mac-53","US",42.405,-85.398,0
1736,"KBS-Mac-58","US",42.405,-85.398,0
1738,"KBS-Mac-64","US",42.405,-85.398,0
1739,"KBS-Mac-68","US",42.405,-85.398,0
1740,"KBS-Mac-72","US",42.405,-85.398,0
1741,"KBS-Mac-74","US",42.405,-85.398,0
1742,"KBS-Mac-73","US",42.405,-85.398,0
1743,"KBS-Mac-75","US",42.405,-85.398,36
1744,"KBS-Mac-76","US",42.405,-85.398,0
1745,"KBS-Mac-78","US",42.405,-85.398,0
1749,"KBS-Mac-88","US",42.405,-85.398,0
1750,"KBS-Mac-89","US",42.405,-85.398,0
1751,"KBS-Mac-91","US",42.405,-85.398,0
1752,"KBS-Mac-95","US",42.405,-85.398,0
1753,"KBS-Mac-96","US",42.405,-85.398,0
1756,"Ker-4","US",42.184,-86.358,0
1757,"Ker-5","US",42.184,-86.358,0
1782,"Ker-38","US",42.184,-86.358,0
1793,"L-R-5","US",41.847,-86.67,0
1797,"L-R-10","US",41.847,-86.67,0
1799,"L-R-12","US",41.847,-86.67,0
1819,"Lak-12","US",41.8,-86.67,0
1820,"Lak-13","US",41.8,-86.67,0
1829,"Mdn-1","US",42.051,-86.509,55
1834,"Mdn-8","US",42.051,-86.509,0
1835,"Mdn-10","US",42.051,-86.509,0
1850,"MNF-Pot-8","US",43.595,-86.2657,36
1851,"MNF-Pot-10","US",43.595,-86.2657,0
1852,"MNF-Pot-15","US",43.595,-86.2657,0
1853,"MNF-Pot-21","US",43.595,-86.2657,10
1857,"MNF-Pot-46","US",43.595,-86.2657,0
1858,"MNF-Pot-47","US",43.595,-86.2657,0
1859,"MNF-Pot-48","US",43.595,-86.2657,158
1862,"MNF-Pot-56","US",43.595,-86.2657,0
1864,"MNF-Pot-60","US",43.595,-86.2657,0
1865,"MNF-Pot-61","US",43.595,-86.2657,0
1867,"MNF-Pot-68","US",43.595,-86.2657,108
1868,"MNF-Pot-69","US",43.595,-86.2657,0
1871,"MNF-Pot-76","US",43.595,-86.2657,0
1872,"MNF-Pot-75","US",43.595,-86.2657,7
1873,"MNF-Pot-79","US",43.595,-86.2657,0
1874,"MNF-Pot-80","US",43.595,-86.2657,84
1890,"MNF-Riv-21","US",43.5139,-86.1859,34
1918,"MNF-Riv-67","US",43.5139,-86.1859,0
1925,"MNF-Che-2","US",43.5251,-86.1843,131
1926,"MNF-Che-3","US",43.5251,-86.1843,0
1936,"MNF-Che-36","US",43.5251,-86.1843,0
1938,"MNF-Che-41","US",43.5251,-86.1843,0
1941,"MNF-Che-45","US",43.5251,-86.1843,0
1942,"MNF-Che-47","US",43.5251,-86.1843,0
1943,"MNF-Che-49","US",43.5251,-86.1843,0
1948,"MNF-Che-58","US",43.5251,-86.1843,0
1949,"MNF-Jac-2","US",43.5187,-86.1739,0
1952,"MNF-Jac-9","US",43.5187,-86.1739,0
1954,"MNF-Jac-12","US",43.5187,-86.1739,34
1959,"MNF-Jac-21","US",43.5187,-86.1739,0
1960,"MNF-Jac-22","US",43.5187,-86.1739,0
1963,"MNF-Jac-26","US",43.5187,-86.1739,0
1965,"MNF-Jac-30","US",43.5187,-86.1739,0
1966,"MNF-Jac-31","US",43.5187,-86.1739,0
1967,"MNF-Jac-32","US",43.5187,-86.1739,144
1968,"MNF-Jac-34","US",43.5187,-86.1739,0
1981,"MNF-Jac-68","US",43.5187,-86.1739,0
1992,"MNF-Pin-2","US",43.5356,-86.1788,0
2011,"MNF-Pin-31","US",43.5356,-86.1788,36
2016,"MNF-Pin-39","US",43.5356,-86.1788,10
2017,"MNF-Pin-40","US",43.5356,-86.1788,0
2019,"MNF-Pin-43","US",43.5356,-86.1788,0
2020,"MNF-Pin-44","US",43.5356,-86.1788,0
2031,"Map-8","US",42.166,-86.412,0
2053,"Map-35","US",42.166,-86.412,0
2057,"Map-42","US",42.166,-86.412,205
2081,"MuskSP-68","US",43.2483,-86.3368,0
2091,"MuskSP-83","US",43.2483,-86.3368,0
2106,"MSGA-10","US",43.2749,-86.0891,0
2108,"MSGA-12","US",43.2749,-86.0891,0
2141,"MSGA-61","US",43.2749,-86.0891,0
2148,"Paw-1","US",42.148,-86.431,0
2150,"Paw-3","US",42.148,-86.431,121
2151,"Paw-4","US",42.148,-86.431,0
2157,"Paw-11","US",42.148,-86.431,0
2159,"Paw-13","US",42.148,-86.431,0
2160,"Paw-14","US",42.148,-86.431,0
2166,"Paw-20","US",42.148,-86.431,0
2171,"Paw-26","US",42.148,-86.431,92
2175,"Paw-31","US",42.148,-86.431,0
2180,"Paw-40","US",42.148,-86.431,0
2187,"Pent-1","US",43.7623,-86.3929,164
2191,"Pent-7","US",43.7623,-86.3929,0
2201,"Pent-22","US",43.7623,-86.3929,0
2202,"Pent-23","US",43.7623,-86.3929,10
2204,"Pent-30","US",43.7623,-86.3929,0
2212,"Pent-46","US",43.7623,-86.3929,0
2214,"Pent-49","US",43.7623,-86.3929,0
2239,"Riv-25","US",42.184,-86.382,0
2240,"Riv-26","US",42.184,-86.382,0
2274,"SLSP-30","US",43.665,-86.496,123
2276,"SLSP-31","US",43.665,-86.496,10
2278,"SLSP-35","US",43.665,-86.496,10
2280,"SLSP-58","US",43.665,-86.496,0
2283,"SLSP-72","US",43.665,-86.496,0
2285,"SLSP-69","US",43.665,-86.496,0
2286,"SLSP-67","US",43.665,-86.496,0
2290,"Ste-3","US",42.03,-86.514,205
2292,"Ste-6","US",42.03,-86.514,0
2294,"Ste-9","US",42.03,-86.514,0
2300,"Ste-15","US",42.03,-86.514,0
2316,"Ste-37","US",42.03,-86.514,0
2317,"Ste-40","US",42.03,-86.514,31
2320,"Wilcox-4","US",43.48,-89.46,48
2327,"Wilcox-16","US",43.48,-89.46,0
2338,"Wilcox-41","US",43.48,-89.46,0
2370,"Yng-4","US",41.865,-86.646,0
2412,"Yng-53","US",41.865,-86.646,0
4632,"UKSW06-025","UK",50.4,-4.7,0
4675,"UKSW06-070","UK",50.4,-4.7,0
4757,"UKSW06-157","UK",50.4,-4.7,0
4758,"UKSW06-158","UK",50.4,-4.7,0
4779,"UKSW06-179","UK",50.4,-4.9,9
4802,"UKSW06-202","UK",50.4,-4.9,146
4807,"UKSW06-207","UK",50.4,-4.9,10
4820,"UKSW06-220","UK",50.4,-4.9,0
4826,"UKSW06-226","UK",50.4,-4.9,10
4827,"UKSW06-227","UK",50.4,-4.9,0
4840,"UKSW06-240","UK",50.4,-4.9,0
4857,"UKSW06-257","UK",50.3,-4.9,0
4862,"UKSW06-262","UK",50.3,-4.9,0
4879,"UKSW06-280","UK",50.3,-4.9,36
4884,"UKSW06-285","UK",50.3,-4.9,10
4900,"UKSW06-302","UK",50.3,-4.8,10
4927,"UKSW06-329","UK",50.3,-4.8,0
4935,"UKSW06-337","UK",50.3,-4.6,0
4939,"UKSW06-341","UK",50.4,-4.7,0
4958,"UKSW06-360","UK",50.5,-4.5,131
4980,"UKSE06-032","UK",51.3,0.5,0
4997,"UKSE06-062","UK",51.3,0.5,107
5023,"UKSE06-118","UK",51.3,0.5,16
5056,"UKSE06-192","UK",51.3,0.5,123
5104,"UKSE06-252","UK",51.3,0.5,10
5106,"UKSE06-254","UK",51.3,0.5,0
5116,"UKSE06-272","UK",51.3,0.4,109
5122,"UKSE06-278","UK",51.3,0.4,154
5133,"UKSE06-302","UK",52.2,-1.7,0
5141,"UKSE06-311","UK",52.2,-1.7,0
5145,"UKSE06-315","UK",52.2,-1.7,36
5146,"UKSE06-316","UK",52.2,-1.7,0
5151,"UKSE06-325","UK",52.2,-1.7,133
5158,"UKSE06-349","UK",51.3,0.4,117
5159,"UKSE06-350","UK",51.3,0.4,0
5160,"UKSE06-351","UK",51.3,0.4,108
5165,"UKSE06-362","UK",51.3,0.4,143
5175,"UKSE06-373","UK",51.3,0.4,36
5202,"UKSE06-414","UK",51.3,0.4,109
5207,"UKSE06-429","UK",51.3,0.4,122
5210,"UKSE06-432","UK",51.2,0.3,10
5232,"UKSE06-466","UK",51.2,0.4,121
5236,"UKSE06-470","UK",51.2,0.4,10
5245,"UKSE06-482","UK",51.2,0.6,122
5249,"UKSE06-491","UK",51.2,0.3,0
5253,"UKSE06-500","UK",51.1,0.6,15
5264,"UKSE06-520","UK",51.3,1.1,122
5276,"UKSE06-533","UK",51.3,1.1,15
5279,"UKSE06-541","UK",51.3,1.1,0
5282,"UKSE06-544","UK",51.3,1.1,0
5285,"UKSE06-547","UK",51.3,1.1,0
5292,"UKSE06-556","UK",51.3,1.1,0
5299,"UKSE06-565","UK",51.3,1.1,36
5310,"UKSE06-581","UK",51.3,1.1,0
5322,"UKSE06-597","UK",51.3,1.1,0
5331,"UKSE06-618","UK",51.1,0.4,0
5335,"UKSE06-622","UK",51.1,0.4,0
5337,"UKSE06-624","UK",51.1,0.4,0
5339,"UKSE06-626","UK",51.1,0.4,0
5341,"UKSE06-628","UK",51.1,0.4,116
5349,"UKSE06-639","UK",51.1,0.4,132
5350,"UKSE06-640","UK",51.1,0.4,0
5353,"UKNW06-003","UK",54.5,-3,138
5364,"UKNW06-019","UK",54.4,-3,0
5373,"UKNW06-040","UK",54.4,-3,36
5377,"UKNW06-050","UK",54.4,-3,0
5380,"UKNW06-059","UK",54.4,-3,123
5381,"UKNW06-060","UK",54.4,-3,123
5385,"UKNW06-078","UK",54.4,-3,0
5386,"UKNW06-079","UK",54.4,-3,0
5394,"UKNW06-101","UK",54.4,-3,0
5395,"UKNW06-102","UK",54.4,-3,0
5398,"UKNW06-105","UK",54.4,-3,0
5444,"UKNW06-170","UK",54.6,-3.1,36
5450,"UKNW06-178","UK",54.4,-3,0
5461,"UKNW06-197","UK",54.4,-3,0
5466,"UKNW06-202","UK",54.4,-3,0
5469,"UKNW06-210","UK",54.4,-3,0
5486,"UKNW06-233","UK",54.6,-3.3,131
5494,"UKNW06-259","UK",54.6,-3.3,36
5517,"UKNW06-306","UK",54.6,-3.1,0
5536,"UKNW06-355","UK",54.6,-3.1,0
5565,"UKNW06-386","UK",54.6,-3.1,122
5577,"UKNW06-403","UK",54.7,-3.4,127
5582,"UKNW06-410","UK",54.7,-3.4,0
5590,"UKNW06-418","UK",54.7,-3.4,36
5596,"UKNW06-425","UK",54.7,-3.4,0
5606,"UKNW06-436","UK",54.7,-3.4,119
5628,"UKNW06-460","UK",54.7,-3.4,142
5644,"UKNW06-481","UK",54.4,-2.9,15
5645,"UKNW06-482","UK",54.4,-2.9,0
5651,"UKNW06-488","UK",54.4,-2.9,0
5670,"UKNW99-010","UK",54.6,-3.1,0
5678,"UKNW99-025","UK",54.6,-3.1,0
5708,"UKID1","UK",56.8,-3.9,0
5709,"UKID2","UK",54.6,-2.6,0
5710,"UKID3","UK",54.4,-3,0
5711,"Asp-1","UK",54.8,-3.3,0
5712,"UKID5","UK",53.2,-4.1,0
5713,"Bea-1","UK",51.3,0.5,0
5715,"Bid-1","UK",51.1,0.6,0
5716,"UKID9","UK",55.6,-3.5,0
5717,"Bra-1","UK",54.6,-3.2,0
5718,"UKID11","UK",57,-3.4,0
5719,"Bur-0","Ireland",54.1,-6.2,120
5720,"Cal-2","UK",53.3,-1.6,10
5721,"UKID14","UK",55.2,-2,36
5722,"UKID15","UK",51.2,1,36
5723,"Chr-1","UK",51.3,1,16
5724,"UKID17","UK",51.4,0.1,0
5726,"Cnt-1","UK",51.3,1.1,15
5727,"UKID20","UK",51.3,1.1,0
5728,"UKID21","UK",51.3,1.1,36
5729,"Coc-1","UK",54.7,-3.4,141
5730,"UKID23","UK",55.3,-1.8,0
5731,"Crl-1","UK",54.9,-2.9,46
5732,"UKID25","UK",54.9,-2.9,0
5733,"Cul-1","UK",54.7,-2.6,0
5735,"UKID28","UK",52.3,-1.7,0
5736,"Ema-1","UK",51.3,0.5,83
5737,"UKID32","UK",51.3,0.1,0
5738,"UKID33","UK",54.1,-1.6,36
5739,"UKID34","UK",52.2,1.4,36
5740,"UKID35","UK",51.3,0.9,0
5741,"For-2","UK",56.6,-4.1,130
5742,"Frd-1","UK",51.3,1.1,194
5744,"UKID39","UK",55.4,-2.8,36
5745,"Hil-1","UK",51,-1.5,47
5746,"Igt-1","UK",51.3,0.3,36
5748,"Kil-0","UK",56,-4.4,9
5749,"Ksk-1","UK",54.6,-3.1,0
5750,"Ksk-2","UK",54.6,-3.1,0
5751,"Kyl-1","UK",57.3,-5.7,48
5752,"Lan-1","UK",55.7,-3.8,84
5753,"UKID48","UK",54.7,-2.7,123
5755,"Lha-1","UK",51.3,1.1,0
5756,"UKID51","UK",52.2,0.8,0
5757,"Mc-1","UK",54.6,-2.3,10
5758,"UKID53","UK",50.3,-5.2,0
5759,"UKID54","UK",52.6,1.3,0
5760,"UKID55","UK",53,-1.1,0
5762,"UKID58","UK",55.6,-3.2,0
5763,"UKID57","UK",51.2,0.4,0
5767,"Poo-1","UK",54.6,-2.8,0
5768,"UKID63","UK",54.1,-1.5,134
5769,"UKID64","UK",51.3,1,0
5770,"UKID65","UK",55.3,-1.9,0
5772,"Set-1","UK",54.1,-2.3,135
5774,"Sis-1","UK",51.1,0.6,0
5776,"UKID71","UK",52.9,-1.3,0
5777,"UKID72","UK",51.1,0.7,0
5779,"UKID74","UK",51,-3.1,131
5780,"UKID75","UK",53.1,-1,0
5781,"UKID76","UK",54.3,-2.8,0
5782,"Su-1","UK",53.7,-3,0
5784,"Ty-1","UK",56.4,-5.2,136
5785,"UKID80","UK",54.7,-2.9,141
5787,"UKID82","UK",54.8,-3.2,0
5788,"UKID83","UK",50.8,-2,36
5789,"Wis-1","UK",51.3,-0.5,0
5792,"UKID87","UK",50.8,-0.7,0
5793,"UKID88","UK",51.3,0.6,0
5795,"UKID90","UK",53.2,-1.7,0
5798,"UKID93","UK",53.1,-3.3,0
5799,"UKID95","UK",56,-3.4,0
5800,"UKID96","UK",57.4,-5.5,132
5802,"UKID98","UK",52.3,-1.6,0
5803,"UKID99","UK",51.7,-4.7,0
5804,"UKID100","UK",50.8,-1.1,0
5805,"UKID101","UK",53.2,-1.4,143
5807,"UKID103","UK",51.8,-0.5,0
5811,"UKID107","UK",52.9,-3.1,133
5812,"UKID108","UK",52.1,-2.3,36
5813,"UKID109","UK",52,-2.4,0
5816,"UKID112","UK",52,-1.7,36
5817,"UKID113","UK",52.3,-1.5,36
5819,"Edi-1","UK",55.9,-3.2,0
5820,"Edi-2","UK",55.9681,-3.21833,0
5821,"UKID115","UK",56.7333,-5.98333,0
5822,"UKID116","UK",56.7333,-5.98333,9
5826,"UKID120","UK",56.7333,-5.98333,0
5829,"Ale1-2","Sweden",55.38383,14.06125,3
5830,"App1-12","Sweden",56.3333,15.9667,20
5831,"App1-14","Sweden",56.3333,15.9667,18
5832,"App1-16","Sweden",56.3333,15.9667,138
5835,"Bil-3","Sweden",63.324,18.484,3
5836,"Boo2-3","Sweden",55.86,13.51,5
5837,"Bor-1","Czech Republic",49.4013,16.2326,360
5838,"Bor-2","Czech Republic",49.4013,16.2326,0
5841,"Bor-9","Czech Republic",49.4013,16.2326,0
5846,"Bor-15","Czech Republic",49.4013,16.2326,0
5848,"Bor-17","Czech Republic",49.4013,16.2326,0
5856,"Dör-10","Sweden",63.0167,17.4914,133
5860,"Dra-3","Sweden",62.6814,18.0165,6
5865,"Dra1-4","Sweden",55.76,14.12,21
5867,"Dra2-1","Sweden",55.76,14.12,26
5870,"Dra3-9","Sweden",55.76,14.12,5
5871,"DraII-2","Czech Republic",49.4112,16.2815,0
5872,"DraII-3","Czech Republic",49.4112,16.2815,0
5873,"DraII-4","Czech Republic",49.4112,16.2815,0
5874,"DraII-6","Czech Republic",49.4112,16.2815,15
5875,"DraII-7","Czech Republic",49.4112,16.2815,0
5878,"DraII-17","Czech Republic",49.4112,16.2815,0
5883,"DraIII-17","Czech Republic",49.4112,16.2815,0
5884,"DraIV 1-1","Czech Republic",49.4112,16.2815,0
5887,"DraIV 1-5","Czech Republic",49.4112,16.2815,63
5888,"DraIV 1-6","Czech Republic",49.4112,16.2815,0
5890,"DraIV 1-8","Czech Republic",49.4112,16.2815,15
5891,"DraIV 1-9","Czech Republic",49.4112,16.2815,0
5893,"DraIV 1-11","Czech Republic",49.4112,16.2815,12
5894,"DraIV 1-12","Czech Republic",49.4112,16.2815,0
5895,"DraIV 1-13","Czech Republic",49.4112,16.2815,0
5896,"DraIV 1-14","Czech Republic",49.4112,16.2815,122
5898,"DraIV 1-16","Czech Republic",49.4112,16.2815,0
5899,"DraIV 2-1","Czech Republic",49.4112,16.2815,0
5900,"DraIV 2-2","Czech Republic",49.4112,16.2815,0
5901,"DraIV 2-3","Czech Republic",49.4112,16.2815,0
5902,"DraIV 2-4","Czech Republic",49.4112,16.2815,0
5904,"DraIV 2-6","Czech Republic",49.4112,16.2815,0
5905,"DraIV 2-7","Czech Republic",49.4112,16.2815,0
5906,"DraIV 2-8","Czech Republic",49.4112,16.2815,0
5907,"DraIV 2-9","Czech Republic",49.4112,16.2815,21
5908,"DraIV 2-10","Czech Republic",49.4112,16.2815,0
5910,"DraIV 2-12","Czech Republic",49.4112,16.2815,0
5911,"DraIV 2-13","Czech Republic",49.4112,16.2815,0
5913,"DraIV 2-16","Czech Republic",49.4112,16.2815,0
5914,"DraIV 2-17","Czech Republic",49.4112,16.2815,0
5915,"DraIV 3-1","Czech Republic",49.4112,16.2815,0
5916,"DraIV 3-2","Czech Republic",49.4112,16.2815,0
5919,"DraIV 3-5","Czech Republic",49.4112,16.2815,0
5920,"DraIV 3-6","Czech Republic",49.4112,16.2815,0
5921,"DraIV 3-7","Czech Republic",49.4112,16.2815,10
5922,"DraIV 3-8","Czech Republic",49.4112,16.2815,0
5923,"DraIV 3-9","Czech Republic",49.4112,16.2815,0
5924,"DraIV 3-10","Czech Republic",49.4112,16.2815,0
5926,"DraIV 3-12","Czech Republic",49.4112,16.2815,0
5927,"DraIV 3-13","Czech Republic",49.4112,16.2815,0
5932,"DraIV 4-1","Czech Republic",49.4112,16.2815,0
5933,"DraIV 4-2","Czech Republic",49.4112,16.2815,0
5934,"DraIV 4-3","Czech Republic",49.4112,16.2815,0
5935,"DraIV 4-5","Czech Republic",49.4112,16.2815,0
5938,"DraIV 4-8","Czech Republic",49.4112,16.2815,0
5939,"DraIV 4-9","Czech Republic",49.4112,16.2815,0
5940,"DraIV 5-1","Czech Republic",49.4112,16.2815,0
5942,"DraIV 5-3","Czech Republic",49.4112,16.2815,0
5943,"DraIV 5-4","Czech Republic",49.4112,16.2815,0
5945,"DraIV 5-7","Czech Republic",49.4112,16.2815,0
5946,"DraIV 5-8","Czech Republic",49.4112,16.2815,0
5948,"DraIV 5-10","Czech Republic",49.4112,16.2815,0
5950,"DraIV 5-12","Czech Republic",49.4112,16.2815,15
5953,"DraIV 5-16","Czech Republic",49.4112,16.2815,0
5955,"DraIV 5-18","Czech Republic",49.4112,16.2815,0
5956,"DraIV 5-19","Czech Republic",49.4112,16.2815,0
5959,"DraIV 5-22","Czech Republic",49.4112,16.2815,0
5961,"DraIV 5-24","Czech Republic",49.4112,16.2815,0
5963,"DraIV 5-27","Czech Republic",49.4112,16.2815,0
5966,"DraIV 5-30","Czech Republic",49.4112,16.2815,0
5968,"DraIV 5-32","Czech Republic",49.4112,16.2815,0
5969,"DraIV 5-33","Czech Republic",49.4112,16.2815,0
5970,"DraIV 5-35","Czech Republic",49.4112,16.2815,0
5972,"DraIV 6-1","Czech Republic",49.4112,16.2815,0
5975,"DraIV 6-4","Czech Republic",49.4112,16.2815,0
5979,"DraIV 6-8","Czech Republic",49.4112,16.2815,0
5982,"DraIV 6-11","Czech Republic",49.4112,16.2815,0
5983,"DraIV 6-12","Czech Republic",49.4112,16.2815,0
5984,"DraIV 6-13","Czech Republic",49.4112,16.2815,15
5987,"DraIV 6-16","Czech Republic",49.4112,16.2815,123
5988,"DraIV 6-17","Czech Republic",49.4112,16.2815,0
5990,"DraIV 6-19","Czech Republic",49.4112,16.2815,0
5991,"DraIV 6-20","Czech Republic",49.4112,16.2815,0
5992,"DraIV 6-21","Czech Republic",49.4112,16.2815,0
5993,"DraIV 6-22","Czech Republic",49.4112,16.2815,10
5994,"DraIV 6-24","Czech Republic",49.4112,16.2815,0
5996,"DraIV 6-26","Czech Republic",49.4112,16.2815,0
5997,"DraIV 6-27","Czech Republic",49.4112,16.2815,0
5998,"DraIV 6-28","Czech Republic",49.4112,16.2815,0
5999,"DraIV 6-29","Czech Republic",49.4112,16.2815,0
6003,"DraIV 6-33","Czech Republic",49.4112,16.2815,0
6004,"DraIV 6-34","Czech Republic",49.4112,16.2815,0
6005,"DraIV 6-35","Czech Republic",49.4112,16.2815,63
6007,"DraIV 6-37","Czech Republic",49.4112,16.2815,0
6008,"Duk","Czech Republic",49.1,16.2,363
6009,"Eden-1","Sweden",62.877,18.177,135
6010,"Eden-5","Sweden",62.877,18.177,0
6011,"Eden-6","Sweden",62.877,18.177,13
6012,"Eden-7","Sweden",62.877,18.177,13
6013,"Eden-9","Sweden",62.877,18.177,21
6016,"Eds-1","Sweden",62.9,18.4,143
6017,"Eds-9","Sweden",62.9,18.4,9
6019,"Fjä1-2","Sweden",56.06,14.29,120
6020,"Fjä1-5","Sweden",56.06,14.29,128
6021,"Fjä2-4","Sweden",56.06,14.29,26
6022,"Fjä2-6","Sweden",56.06,14.29,5
6023,"Fly2-1","Sweden",55.7509,13.3712,29
6024,"Fly2-2","Sweden",55.7509,13.3712,19
6025,"Gro-3","Sweden",62.6437,17.7339,144
6030,"Grön-5","Sweden",62.806,18.1896,20
6034,"Hov1-7","Sweden",56.1,13.74,27
6035,"Hov1-10","Sweden",56.1,13.74,18
6036,"Hov3-2","Sweden",56.1,13.74,25
6038,"Hov3-5","Sweden",56.1,13.74,24
6039,"Hovdala-2","Sweden",56.1,13.74,155
6040,"Kni-1","Sweden",55.66,13.4,317
6041,"Lis-3","Sweden",56.0328,14.775,21
6042,"Lom1-1","Sweden",56.09,13.9,324
6043,"Löv-1","Sweden",62.801,18.079,140
6046,"Löv-5","Sweden",62.801,18.079,212
6064,"Nyl-2","Sweden",62.9513,18.2763,79
6069,"Nyl-7","Sweden",62.9513,18.2763,22
6070,"Omn-1","Sweden",62.9308,18.3448,8
6071,"Omn-5","Sweden",62.9308,18.3448,15
6073,"ÖMö1-7","Sweden",56.1481,15.8155,148
6074,"Ör-1","Sweden",56.4573,16.1308,394
6076,"Rev-2","Sweden",55.6942,13.4504,130
6077,"Rev-3","Sweden",55.6942,13.4504,1
6085,"Sparta-1","Sweden",55.7097,13.2145,241
6086,"Sr:3","Sweden",58.9,11.2,28
6087,"Stu-2","Sweden",56.4666,16.1284,5
6088,"Stu1-1","Sweden",56.4666,16.1284,20
6090,"T1000","Sweden",55.6525,13.2197,133
6091,"T1010","Sweden",55.6525,13.215,5
6092,"T1020","Sweden",55.6514,13.2233,146
6093,"T1030","Sweden",55.6497,13.2203,0
6094,"T1040","Sweden",55.6494,13.2147,236
6095,"T1050","Sweden",55.6486,13.2161,5
6096,"T1060","Sweden",55.6472,13.2225,104
6097,"T1070","Sweden",55.6481,13.2264,141
6098,"T1080","Sweden",55.6561,13.2178,251
6099,"T1090","Sweden",55.6575,13.2386,140
6100,"T1110","Sweden",55.6,13.2,132
6101,"T1120","Sweden",55.6,13.2,0
6102,"T1130","Sweden",55.6,13.2,28
6103,"T1150","Sweden",55.7,13.2,0
6104,"T1160","Sweden",55.7,13.2,23
6105,"T450","Sweden",55.7967,13.1211,136
6106,"T460","Sweden",55.7931,13.1186,146
6107,"T470","Sweden",55.7942,13.1222,137
6108,"T480","Sweden",55.7989,13.1206,142
6109,"T510","Sweden",55.7936,13.1233,237
6110,"T520","Sweden",55.7958,13.1217,0
6111,"T530","Sweden",55.7989,13.1219,145
6112,"T540","Sweden",55.7967,13.1044,247
6113,"T550","Sweden",55.8078,13.1028,11
6114,"T570","Sweden",55.8097,13.1342,140
6115,"T580","Sweden",55.8,13.1367,139
6116,"T590","Sweden",55.8,13.1369,5
6118,"T610","Sweden",55.7,13.2,15
6119,"T620","Sweden",55.7,13.2,108
6120,"T630","Sweden",55.7,13.2,0
6121,"T640","Sweden",55.8422,13.3019,0
6122,"T670","Sweden",55.8364,13.3075,138
6123,"T680","Sweden",55.8369,13.3033,5
6124,"T690","Sweden",55.8378,13.3092,57
6125,"T710","Sweden",55.8403,13.3106,146
6126,"T720","Sweden",55.8411,13.3047,135
6127,"T730","Sweden",55.8428,13.3058,7
6128,"T740","Sweden",55.8397,13.2881,131
6129,"T750","Sweden",55.8544,13.2875,2
6131,"T780","Sweden",55.8369,13.3181,136
6132,"T790","Sweden",55.8386,13.3186,141
6133,"T800","Sweden",55.8364,13.2906,135
6134,"T810","Sweden",55.8383,13.2906,139
6136,"T840","Sweden",55.9336,13.5519,146
6137,"T850","Sweden",55.9419,13.5603,145
6138,"T860","Sweden",55.9403,13.5511,145
6140,"T880","Sweden",55.9392,13.5539,143
6141,"T890","Sweden",55.9414,13.5542,5
6142,"T900","Sweden",55.9428,13.5558,148
6143,"T910","Sweden",55.940556,13.538333,0
6144,"T920","Sweden",55.9506,13.5361,5
6145,"T930","Sweden",55.9497,13.5533,143
6146,"T940","Sweden",55.9575,13.5686,5
6147,"T950","Sweden",55.9425,13.5675,0
6148,"T960","Sweden",55.9319,13.5508,140
6149,"T970","Sweden",55.9281,13.5481,138
6150,"T980","Sweden",55.9261,13.5319,152
6151,"T990","Sweden",55.6528,13.2244,150
6153,"TAA 03","Sweden",62.6425,17.7422,12
6154,"TAA 04","Sweden",62.6422,17.7406,17
6163,"TAA 14","Sweden",62.6425,17.7356,6
6166,"TAA 17","Sweden",62.6425,17.7372,9
6169,"TÅD 01","Sweden",62.8714,18.3447,251
6170,"TÅD 02","Sweden",62.871666,18.344166,5
6171,"TÅD 03","Sweden",62.8717,18.3444,14
6172,"TÅD 04","Sweden",62.8717,18.3436,136
6173,"TÅD 05","Sweden",62.8717,18.3419,135
6174,"TÅD 06","Sweden",62.8719,18.3422,129
6177,"TÄL 03","Sweden",62.6322,17.69,148
6180,"TÄL 07","Sweden",62.6322,17.6906,147
6184,"TBÖ 01","Sweden",62.8892,18.4522,145
6188,"TDr-1","Sweden",55.7683,14.1386,261
6189,"TDr-2","Sweden",55.7686,14.1383,149
6190,"TDr-3","Sweden",55.7686,14.1381,123
6191,"TDr-4","Sweden",55.7689,14.1375,135
6192,"TDr-5","Sweden",55.7692,14.1369,136
6193,"TDr-7","Sweden",55.7694,14.1347,144
6194,"TDr-8","Sweden",55.7706,14.1342,250
6195,"TDr-9","Sweden",55.7708,14.1342,151
6197,"TDr-11","Sweden",55.7714,14.1333,7
6198,"TDr-13","Sweden",55.7708,14.1331,137
6199,"TDr-14","Sweden",55.7711,14.1206,6
6200,"TDr-15","Sweden",55.7714,14.1214,0
6201,"TDr-16","Sweden",55.7719,14.1211,149
6202,"TDr-17","Sweden",55.7717,14.1206,181
6203,"TDr-18","Sweden",55.7714,14.1208,242
6207,"TDr-22","Sweden",55.7711,14.1217,5
6209,"TEDEN 02","Sweden",62.8836,18.1842,145
6210,"TEDEN 03","Sweden",62.8839,18.1836,147
6212,"TFÄ 02","Sweden",63.0175,18.323889,0
6214,"TFÄ 04","Sweden",63.0175,18.3281,1
6215,"TFÄ 05","Sweden",63.017223,18.328056,0
6216,"TFÄ 06","Sweden",63.0167,18.3283,128
6217,"TFÄ 07","Sweden",63.0169,18.3283,138
6218,"TFÄ 08","Sweden",63.0172,18.3283,128
6220,"TGR 01","Sweden",62.806,18.1896,14
6221,"TGR 02","Sweden",62.806,18.1896,7
6226,"THÖ 08","Sweden",62.799446,17.903334,5
6231,"TNY 04","Sweden",62.96,18.2844,15
6235,"TOM 01","Sweden",62.9611,18.3589,133
6236,"TOM 02","Sweden",62.9617,18.36,0
6237,"TOM 03","Sweden",62.9619,18.35,13
6238,"TOM 04","Sweden",62.9619,18.35,9
6240,"TOM 06","Sweden",62.9622,18.35,14
6241,"TOM 07","Sweden",62.9614,18.3608,13
6242,"Tomegap-2","Sweden",55.7,13.2,127
6243,"Tottarp-2","Sweden",56.27373,13.90045,409
6244,"TRÄ 01","Sweden",62.9169,18.4728,143
6252,"TV-4","Sweden",55.5796,14.3336,9
6255,"TV-7","Sweden",55.5796,14.334,10
6258,"TV-10","Sweden",55.5796,14.3336,19
6268,"TV-22","Sweden",55.5796,14.3336,20
6276,"TV-30","Sweden",55.5796,14.3336,13
6284,"TV-38","Sweden",55.5796,14.3336,14
6287,"Udu-9","Czech Republic",49.2771,16.6314,0
6296,"UduI 1-11","Czech Republic",49.2771,16.6314,16
6309,"UduI 1-25","Czech Republic",49.2771,16.6314,0
6318,"UduI 1-34","Czech Republic",49.2771,16.6314,123
6390,"UduI 3-36","Czech Republic",49.2771,16.6314,15
6396,"UduI 4-9","Czech Republic",49.2771,16.6314,15
6401,"UduI 4-16","Czech Republic",49.2771,16.6314,0
6402,"UduI 4-17","Czech Republic",49.2771,16.6314,0
6403,"UduI 4-18","Czech Republic",49.2771,16.6314,0
6411,"Ull1-10","Sweden",56.06,13.97,0
6412,"Ull2-7","Sweden",56.0648,13.9707,0
6413,"Ull3-4","Sweden",56.06,13.97,122
6416,"Zdr-13","Czech Republic",49.3853,16.2544,0
6417,"Zdr-16","Czech Republic",49.3853,16.2544,0
6418,"Zdr-19","Czech Republic",49.3853,16.2544,0
6421,"ZdrI 1-8","Czech Republic",49.3853,16.2544,0
6424,"ZdrI 1-23","Czech Republic",49.3853,16.2544,20
6425,"ZdrI 1-24","Czech Republic",49.3853,16.2544,0
6427,"ZdrI 2-1","Czech Republic",49.3853,16.2544,0
6434,"ZdrI 2-9","Czech Republic",49.3853,16.2544,15
6435,"ZdrI 2-10","Czech Republic",49.3853,16.2544,0
6436,"ZdrI 2-11","Czech Republic",49.3853,16.2544,0
6444,"ZdrI 2-20","Czech Republic",49.3853,16.2544,0
6445,"ZdrI 2-21","Czech Republic",49.3853,16.2544,20
6446,"ZdrI 2-22","Czech Republic",49.3853,16.2544,0
6448,"ZdrI 2-24","Czech Republic",49.3853,16.2544,122
6449,"ZdrI 2-25","Czech Republic",49.3853,16.2544,123
6451,"ZdrI 2-28","Czech Republic",49.3853,16.2544,0
6453,"ZdrI 2-30","Czech Republic",49.3853,16.2544,0
6455,"ZdrI 2-32","Czech Republic",49.3853,16.2544,0
6458,"ZdrI 2-36","Czech Republic",49.3853,16.2544,0
6680,"ANH-1","GER",51.85,6.4333,131
6709,"Bg-2","US",47.6479,-122.305,180
6727,"CIBC-2","UK",51.4083,-0.6383,113
6729,"CIBC-4","UK",51.4083,-0.6383,122
6730,"CIBC-5","UK",51.4083,-0.6383,184
6739,"CSHL-15","US",40.8585,-73.4675,0
6740,"CSHL-17","US",40.8585,-73.4675,0
6744,"CSHL-5","US",40.8585,-73.4675,132
6749,"FM-10","US",42.4489,-76.5072,0
6750,"FM-11","US",42.4489,-76.5072,0
6805,"HS-12","US",42.373,-71.0627,0
6806,"HS-17","US",42.373,-71.0627,0
6810,"KNO-11","US",41.2816,-86.621,116
6814,"KNO-15","US",41.2816,-86.621,0
6830,"Kz-13","Kazakhstan",49.5,73.1,29
6847,"NFC-20","UK",51.4083,-0.6383,121
6897,"Ag-0","France",45,1.3,446
6898,"An-1","Belgium",51.2167,4.4,479
6899,"Bay-0","GER",49,11,326
6900,"Bil-5","Sweden",63.324,18.484,132
6901,"Bil-7","Sweden",63.324,18.484,123
6903,"Bor-4","Czech Republic",49.4013,16.2326,353
6904,"Br-0","Czech Republic",49.2,16.6166,315
6905,"Bur-0","Ireland",54.1,-6.2,162
6906,"C24","POR",40.2077,-8.42639,359
6907,"CIBC-17","UK",51.4083,-0.6383,268
6908,"CIBC-5","UK",51.4083,-0.6383,138
6909,"Col-0","US",38.3,-92.3,365
6910,"Ct-1","Italy",37.3,15,282
6911,"Cvi-0","Cape Verde",15.1111,-23.6167,312
6913,"Eden-2","Sweden",62.877,18.177,300
6914,"Edi-0","UK",55.9494,-3.16028,235
6915,"Ei-2","GER",50.3,6.3,389
6916,"Est-1","Russia",58.3,25.3,294
6917,"Fäb-2","Sweden",63.0165,18.3174,149
6918,"Fäb-4","Sweden",63.0165,18.3174,139
6919,"Ga-0","GER",50.3,8,354
6920,"Got-22","GER",51.5338,9.9355,171
6921,"Got-7","GER",51.5338,9.9355,257
6922,"Gu-0","GER",50.3,8,228
6923,"HR-10","UK",51.4083,-0.6383,194
6924,"HR-5","UK",51.4083,-0.6383,321
6926,"Kin-0","US",44.46,-85.37,347
6927,"KNO-10","US",41.2816,-86.621,110
6928,"KNO-18","US",41.2816,-86.621,337
6929,"Kondara","Tajikistan",38.48,68.49,352
6930,"Kz-1","Kazakhstan",49.5,73.1,229
6931,"Kz-9","Kazakhstan",49.5,73.1,265
6932,"Ler-1","GER",47.984,10.8719,374
6933,"LL-0","Spain",41.59,2.49,252
6936,"Lz-0","France",46,3.3,363
6937,"Mrk-0","GER",49,9.3,327
6938,"Ms-0","Russia",55.7522,37.6322,237
6939,"Mt-0","LIB",32.34,22.46,295
6940,"Mz-0","GER",50.3,8.3,482
6942,"Nd-1","GER",50,10,226
6943,"NFA-10","UK",51.4083,-0.6383,318
6944,"NFA-8","UK",51.4083,-0.6383,365
6945,"Nok-3","NED",52.24,4.45,322
6946,"Oy-0","Norway",60.39,6.19,310
6951,"Pu2-23","Czech Republic",49.42,16.36,361
6953,"Pu2-24","Czech Republic",49.42,16.36,121
6956,"Pu2-7","Czech Republic",49.42,16.36,261
6957,"Pu2-8","Czech Republic",49.42,16.36,83
6958,"Ra-0","France",46,3.3,446
6959,"Rennes-1","France",48.5,-1.41,364
6960,"Rennes-11","France",48.5,-1.41,228
6961,"Se-0","Spain",38.3333,-3.53333,486
6962,"Shahdara","Tajikistan",38.35,68.48,289
6963,"Sorbo","Tajikistan",38.35,68.48,396
6964,"Spr1-2","Sweden",56.31635,16.03529,132
6965,"Spr1-6","Sweden",56.31635,16.03529,176
6966,"Sq-1","UK",51.4083,-0.6383,195
6967,"Sq-8","UK",51.4083,-0.6383,331
6968,"Tamm-2","Finland",60,23.5,325
6969,"Tamm-27","Finland",60,23.5,147
6970,"Ts-1","Spain",41.7194,2.93056,338
6971,"Ts-5","Spain",41.7194,2.93056,199
6972,"Tsu-1","Japan",34.43,136.31,153
6973,"Ull2-3","Sweden",56.0648,13.9707,338
6974,"Ull2-5","Sweden",56.0648,13.9707,175
6975,"Uod-1","Austria",48.3,14.45,241
6976,"Uod-7","Austria",48.3,14.45,291
6977,"Van-0","Canada",49.3,-123,294
6978,"Wa-1","Poland",52.3,21,204
6979,"Wei-0","SUI",47.25,8.26,453
6980,"Ws-0.1","Russia",52.3,30,288
6981,"Ws-2","Russia",52.3,30,269
6982,"Wt-5","GER",52.3,9.3,365
6983,"Yo-0","US",37.45,-119.35,269
6984,"Zdr-1","Czech Republic",49.3853,16.2544,239
6985,"Zdr-6","Czech Republic",49.3853,16.2544,330
6986,"Abd-0","UK",57.1539,-2.2207,160
6987,"Ak-1","GER",48.0683,7.62551,235
6988,"Alc-0","Spain",40.49,-3.36,272
6989,"Alst-1","UK",54.8,-2.4333,286
6990,"Amel-1","NED",53.448,5.73,301
6992,"Ang-0","Belgium",50.3,5.3,344
6994,"Ann-1","France",45.9,6.13028,180
6996,"An-2","Belgium",51.2167,4.4,123
6997,"Appt-1","NED",51.8333,5.5833,165
6998,"Arby-1","Sweden",59.43078,16.79994,89
7000,"Aa-0","GER",50.9167,9.57073,384
7002,"Baa-1","NED",51.3333,6.1,340
7003,"Bs-1","SUI",47.5,7.5,158
7004,"Bs-2","SUI",47.5,7.5,171
7008,"Benk-1","NED",52,5.675,317
7011,"Be-1","GER",49.6803,8.6161,122
7013,"Bd-0","GER",52.4584,13.287,195
7014,"Ba-1","UK",56.5459,-4.79821,307
7015,"Bla-1","Spain",41.6833,2.8,184
7017,"Bla-11","Spain",41.6833,2.8,26
7024,"Bla-6","Spain",41.6833,2.8,27
7025,"Bl-1","Italy",44.5041,11.3396,190
7026,"Boot-1","UK",54.4,-3.2667,356
7028,"Bch-1","GER",49.5166,9.3166,273
7029,"Bch-3","GER",49.5166,9.3166,27
7030,"Bch-4","GER",49.5166,9.3166,27
7031,"Bsch-0","GER",50.0167,8.6667,334
7032,"Bsch-2","GER",50.0167,8.6667,27
7033,"Buckhorn Pass","US",41.3599,-122.755,50
7034,"Blh-1","Czech Republic",48.3,19.85,74
7035,"Blh-2","Czech Republic",48,19,112
7036,"Bu-0","GER",50.5,9.5,164
7058,"Bur-0","Ireland",54.1,-6.2,15
7061,"Cal-0","UK",53.2699,-1.64293,38
7062,"Ca-0","GER",50.2981,8.26607,380
7063,"Can-0","Spain",29.2144,-13.4811,136
7064,"Cnt-1","UK",51.3,1.1,83
7067,"Ct-1","Italy",37.3,15,17
7068,"Cerv-1","Italy",42,12.1,24
7069,"Cha-0","SUI",46.0333,7.1167,113
7071,"Chat-1","France",48.0717,1.33867,339
7072,"Chi-0","Russia",53.7502,34.7361,145
7073,"Chi-1","Russia",53.7502,34.7361,26
7075,"Cit-0","France",43.3779,2.54038,179
7077,"Co-1","POR",40.12,-8.25,164
7078,"Co-2","POR",40.12,-8.25,123
7079,"Co-3","POR",40.12,-8.25,62
7080,"Co-4","POR",40.12,-8.25,151
7081,"Co","POR",40.2077,-8.42639,263
7092,"Com-1","France",49.416,2.823,342
7094,"Da-0","GER",49.8724,8.65081,182
7096,"Di-G","France",47.3239,5.04278,43
7098,"Di-1","France",47,5,178
7100,"Db-0","GER",50.3055,8.324,123
7102,"Do-0","GER",50.7224,8.2372,361
7103,"Dra-0","Czech Republic",49.4167,16.2667,35
7104,"Dra-1","Czech Republic",49.4167,16.2667,26
7105,"Dra-2","Czech Republic",49.4167,16.2667,120
7106,"Dr-0","GER",51.051,13.7336,189
7107,"Durh-1","UK",54.7761,-1.5733,37
7109,"Ema-1","UK",51.3,0.5,61
7110,"Ede-1","NED",52.0333,5.66667,116
7111,"Edi-0","UK",55.9494,-3.16028,6
7113,"Ei-4","GER",50.3,6.3,26
7116,"Eil-0","GER",51.4599,12.6327,21
7117,"El-0","GER",51.5105,9.68253,186
7119,"En-2","GER",50,8.5,40
7120,"En-D","GER",50,8.5,43
7121,"En-T","GER",50,8.5,62
7123,"Ep-0","GER",50.1721,8.38912,210
7125,"Er-0","GER",49.5955,11.0087,143
7126,"Es-0","Finland",60.1997,24.5682,353
7127,"Est","Estonia",58.6656,24.9871,165
7128,"Est-0","Russia",58.3,25.3,123
7130,"Et-0","France",44.6447,2.56481,160
7133,"Fr-2","GER",50.1102,8.6822,150
7135,"Fr-4","GER",50.1102,8.6822,120
7138,"Fi-0","GER",50.5,8.0167,10
7139,"Fi-1","GER",50.5,8.0167,159
7141,"Ga-2","GER",50.3,8,121
7143,"Gel-1","NED",51.0167,5.86667,371
7145,"Ge-1","SUI",46.5,6.08,158
7147,"Gie-0","GER",50.584,8.67825,374
7149,"Gu-0","GER",50.3,8,26
7150,"Gu-1","GER",50.3,8,121
7151,"Go-0","GER",51.5338,9.9355,158
7152,"Go-2","GER",51.5338,9.9355,27
7158,"Gr-5","Austria",47,15.5,139
7160,"Gre-0","US",43.178,-85.2532,38
7161,"Gd-1","GER",53.5,10.5,45
7162,"Hs-0","GER",52.24,9.44,165
7163,"Ha-0","GER",52.3721,9.73569,331
7164,"Hau-0","DEN",55.675,12.5686,306
7165,"Hn-0","GER",51.3472,8.28844,287
7166,"Hey-1","NED",51.25,5.9,222
7168,"Hodja-Obi-Garm","Tajikistan",NA,NA,26
7169,"Hh-0","GER",54.4175,9.88682,309
7172,"Hl-3","GER",52.1444,9.37827,109
7176,"Is-1","GER",50.5,7.5,75
7177,"Jm-0","Czech Republic",49,15,52
7178,"Jm-1","Czech Republic",49,15,204
7181,"Je-0","GER",50.927,11.587,298
7183,"Kas-1","India",35,77,7
7186,"Kn-0","Lithuania",54.8969,23.8924,265
7188,"Kelsterbach-2","GER",50.0667,8.5333,121
7192,"Kil-0","UK",55.6395,-5.66364,154
7194,"Kl-0","GER",50.95,6.9666,0
7195,"Kl-1","GER",50.95,6.9666,27
7199,"Kl-5","GER",50.95,6.9666,214
7201,"Kr-0","GER",51.3317,6.55934,206
7202,"Kb-0","GER",50.1797,8.50861,43
7203,"Krot-0","GER",49.631,11.5722,165
7205,"Krot-2","GER",49.631,11.5722,169
7206,"Kro-0","GER",50.0742,8.96617,130
7207,"Kyoto","Japan",35.0085,135.752,66
7208,"Lan-0","UK",55.6739,-3.78181,158
7209,"La-0","Poland",52.7333,15.2333,164
7210,"La-1","Poland",52.7333,15.2333,111
7213,"Ler-0","GER",47.984,10.8719,15
7217,"Lm-2","France",48,0.5,171
7218,"Le-0","NED",52.1611,4.49015,135
7223,"Li-2:1","GER",50.3833,8.0666,64
7224,"Li-3","GER",50.3833,8.0666,205
7227,"Li-5:2","GER",50.3833,8.0666,119
7228,"Li-5:3","GER",50.3833,8.0666,27
7229,"Li-6","GER",50.3833,8.0666,122
7231,"Li-7","GER",50.3833,8.0666,187
7236,"Litva","Lithuania",NA,NA,44
7238,"Ll-1","Spain",41.59,2.49,25
7239,"Ll-2","Spain",41.59,2.49,25
7242,"Lo-2","GER",47.6166,7.6666,74
7244,"Mnz-0","GER",50.001,8.26664,327
7245,"Ma-0","GER",50.8167,8.7667,26
7246,"Ma-2","GER",50.8167,8.7667,75
7248,"Mv-0","US",41.3923,-70.6652,38
7250,"Me-0","GER",51.9183,10.1138,132
7252,"Mc-0","UK",54.6167,-2.3,108
7255,"Mh-0","Poland",50.95,20.5,372
7256,"Mh-1","GER",50.95,7.5,27
7258,"Nw-0","GER",50.5,8.5,138
7260,"Nw-2","GER",50.5,8.5,122
7262,"Nw-4","GER",50.5,8.5,106
7263,"Nz-1","New Zealand",-37.7871,175.283,124
7265,"Nd-0","GER",50,10,26
7268,"Np-0","GER",52.6969,10.981,239
7270,"Nok-1","NED",52.24,4.45,128
7273,"No-0","GER",51.0581,13.2995,137
7275,"No-0","GER",51.0581,13.2995,217
7276,"Ob-0","GER",50.2,8.5833,238
7277,"Ob-1","GER",50.2,8.5833,123
7280,"Old-1","GER",53.1667,8.2,299
7281,"Old-2","GER",53.1667,8.2,26
7282,"Or-0","GER",50.3827,8.01161,377
7283,"Ors-1","Romania",44.7203,22.3955,147
7284,"Ors-2","Romania",44.7203,22.3955,150
7287,"Ove-0","GER",53.3422,8.42255,236
7288,"Oy-0","Norway",60.385543,6.193019,143
7291,"Pa-2","Italy",38.07,13.22,205
7292,"Pa-3","Italy",38.07,13.22,27
7296,"Petergof","Russia",59,29,328
7297,"Pf-0","GER",48.5479,9.11033,72
7298,"Pi-0","Austria",47.04,10.51,188
7299,"Pi-2","Austria",47.04,10.51,109
7300,"Pla-0","Spain",41.5,2.25,167
7301,"Pla-1","Spain",41.5,2.25,27
7303,"Pla-3","Spain",41.5,2.25,23
7305,"Pt-0","GER",53.476,10.6065,186
7306,"Pog-0","Canada",49.2655,-123.206,244
7307,"Pn-0","France",48.0653,-2.96591,305
7309,"Po-1","GER",50.7167,7.1,104
7310,"Pr-0","GER",50.1448,8.60706,169
7314,"Ragl-1","UK",54.3512,-3.41697,43
7316,"Rhen-1","NED",51.9667,5.56667,365
7317,"Ri-0","Canada",49.1632,-123.137,47
7319,"Rome-1","Italy",42,12.1,43
7320,"Rou-0","France",49.4424,1.09849,256
7322,"Rsch-4","Russia",56.3,34,22
7323,"Rubezhnoe-1","Ukraine",49,38.28,243
7327,"Sf-1","Spain",41.7833,3.03333,34
7328,"Sf-2","Spain",41.7833,3.03333,54
7330,"Sapporo-0","Japan",43.0553,141.346,199
7331,"Sh-0","GER",51.6832,10.2144,205
7332,"Seattle-0","US",47,-122.2,7
7333,"Sei-0","Italy",46.5438,11.5614,287
7337,"Si-0","GER",50.8738,8.02341,350
7340,"Sav-0","Czech Republic",49.1833,15.8833,130
7342,"Su-0","UK",53.6473,-3.00733,24
7343,"Sp-0","GER",52.5339,13.181,287
7344,"Sg-1","GER",47.6667,9.5,204
7346,"Sten-0","GER",52.6058,11.8558,267
7347,"Stw-0","Russia",52,36,172
7349,"Ta-0","Czech Republic",49.5,14.5,50
7350,"Tac-0","US",47.2413,-122.459,38
7351,"Ty-0","UK",56.4278,-5.23439,206
7352,"Te-0","Finland",60.0585,23.2982,73
7353,"Tha-1","NED",52.08,4.3,328
7354,"Ting-1","Sweden",56.5,14.9,275
7355,"Tiv-1","Italy",41.96,12.8,230
7356,"Tol-0","US",41.6639,-83.5553,24
7358,"Tol-2","US",41.6639,-83.5553,0
7359,"Tol-3","US",41.6639,-83.5553,0
7372,"Tscha-1","Austria",47.0748,9.9042,335
7373,"Tsu-0","Japan",34.43,136.31,154
7376,"Tu-1","Italy",45,7.5,27
7377,"Tul-0","US",43.2708,-85.2563,10
7378,"Uk-1","GER",48.0333,7.7667,361
7379,"Uk-2","GER",48.0333,7.7667,158
7381,"Uk-4","GER",48.0333,7.7667,27
7382,"Utrecht","NED",52.0918,5.1145,220
7383,"Van-0","Canada",49.2655,-123.206,45
7384,"Ven-1","NED",52.0333,5.55,339
7386,"Vi-0","GER",50.1946,8.74639,26
7387,"Vind-1","UK",54.9902,-2.3671,43
7390,"Wag-3","NED",51.9666,5.6666,147
7391,"Wag-4","NED",51.9666,5.6666,105
7392,"Wag-5","NED",51.9666,5.6666,123
7394,"Wa-1","Poland",52.3,21,274
7396,"Ws-0.2","Russia",52.3,30,15
7397,"Ws","Russia",52.3,30,123
7403,"Wei-1","SUI",47.25,8.26,26
7404,"Wc-1","GER",52.6,10.0667,276
7405,"Wc-2","GER",52.6,10.0667,123
7406,"Wt-1","GER",52.3,9.3,27
7408,"Wt-3","GER",52.3,9.3,158
7411,"Wl-0","GER",47.9299,10.8134,288
7413,"Wil-2","Lithuania",54.6833,25.3167,43
7415,"Wu-0","GER",49.7878,9.9361,131
7416,"Yo-0","US",37.45,-119.35,55
7417,"Zu-0","SUI",47.3667,8.55,1
7418,"Zu-1","SUI",47.3667,8.55,235
7419,"Db-1","GER",50.3058,8.32213,161
7423,"Jl-2","Czech Republic",49.2,16.6166,14
7424,"Jl-3","Czech Republic",49.2,16.6166,251
7425,"Jl-4","Czech Republic",49.2,16.6166,26
7427,"Ko-2","DEN",NA,NA,15
7430,"Nc-1","France",48.6167,6.25,284
7438,"N13","Russia",61.36,34.15,283
7446,"N4","Russia",61.36,34.15,118
7449,"N7","Russia",61.36,34.15,123
7457,"Rld-2","Russia",56.25,34.3167,26
7460,"Da(1)-12","Czech Republic",NA,NA,167
7461,"H55","Czech Republic",49,15,70
7462,"Je54","Czech Republic",49,15,2
7463,"Sn(5)-1","UNK",NA,NA,26
7471,"RLD-1","UNK",NA,NA,38
7472,"S96","UNK",NA,NA,122
7475,"KEN","US",41.767,-72.677,0
7477,"WAR","US",41.7302,-71.2825,242
7479,"PHW-10","UK",51.2878,0.0565,114
7482,"PHW-13","UK",51.2878,0.0565,123
7483,"PHW-14","UK",51.2878,0.0565,122
7490,"PHW-20","UK",51.2878,0.0565,122
7492,"PHW-22","UK",51.4167,-1.7167,122
7496,"PHW-26","UK",50.6728,-3.8404,82
7498,"PHW-28","UK",50.35,-3.5833,158
7502,"PHW-31","UK",51.4666,-3.2,109
7504,"PHW-33","NED",52.25,4.5667,119
7506,"PHW-35","France",48.6103,2.3086,119
7507,"PHW-36","France",48.6103,2.3086,128
7508,"PHW-37","France",48.6103,2.3086,130
7514,"RRS-7","US",41.5609,-86.4251,344
7515,"RRS-10","US",41.5609,-86.4251,344
7516,"Vår2-1","Sweden",55.58,14.334,281
7517,"Vår2-6","Sweden",55.58,14.334,121
7518,"ÖMö2-1","Sweden",56.14,15.78,201
7519,"ÖMö2-3","Sweden",56.14,15.78,226
7520,"Lp2-2","Czech Republic",49.38,16.81,326
7521,"Lp2-6","Czech Republic",49.38,16.81,292
7522,"Mr-0","Italy",44.15,9.65,291
7523,"Pna-17","US",42.0945,-86.3253,346
7524,"Rmx-A02","US",42.036,-86.511,180
7525,"Rmx-A180","US",42.036,-86.511,302
7526,"Pna-10","US",42.0945,-86.3253,140
7529,"627RMX-1MN4","US",42.0333,-86.5128,0
7530,"627RMX-1MN5","US",42.0333,-86.5128,0
7566,"627ME-13Y1","US",42.093,-86.359,0
7568,"627ME-1MI1","US",42.093,-86.359,0
7570,"627ME-4MI1","US",42.093,-86.359,0
7578,"627PNA-1Y1","US",42.0945,-86.3253,0
7580,"627PNA-2B3","US",42.0945,-86.3253,0
7584,"627PNA-3M4","US",42.0945,-86.3253,0
7717,"KNO1.37","US",41.273,-86.625,8
7757,"KNO2.41","US",41.273,-86.625,0
7767,"KNO2.54","US",41.273,-86.625,0
7787,"KNO2.77","US",41.273,-86.625,0
7837,"ME3.41","US",42.093,-86.359,0
7847,"ME3.51","US",42.093,-86.359,0
7867,"ME4.20","US",42.093,-86.359,0
7917,"PNA3.10","US",42.0945,-86.3253,10
7947,"PNA3.40","US",42.0945,-86.3253,10
8037,"PT1.52","US",41.3423,-86.7368,0
8057,"PT1.85","US",41.3423,-86.7368,0
8077,"PT2.21","US",41.3423,-86.7368,10
8122,"RMX3.11","US",42.036,-86.511,0
8132,"RMX3.22","US",42.036,-86.511,10
8171,"RMX4.118","US",42.036,-86.511,0
8213,"Pro-0","Spain",43.25,-6,246
8214,"Gy-0","France",49,2,491
8215,"Fei-0","POR",40.5,-8.32,274
8218,"Eden-4","Sweden",62.877,18.177,0
8222,"Lis-2","Sweden",56.0328,14.775,137
8225,"T760","Sweden",55.86,13.3103,5
8227,"THÖ 03","Sweden",62.7989,17.9103,129
8230,"Algutsrum","Sweden",56.68,16.5,228
8231,"Brö1-6","Sweden",56.3,16,309
8233,"Dem-4","US",41.1876,-87.1923,139
8234,"Gul1-2","Sweden",56.4606,15.8127,184
8235,"Hod","Czech Republic",48.8,17.1,314
8236,"HSm","Czech Republic",49.33,15.76,402
8237,"Kävlinge-1","Sweden",55.8,13.1,191
8238,"Kent","UK",51.15,0.4,18
8239,"PHW-3","GER",51,7,224
8240,"Kulturen-1","Sweden",55.705,13.196,392
8241,"Liarum","Sweden",55.9473,13.821,380
8242,"Lillö-1","Sweden",56.1494,15.7884,298
8243,"PHW-2","Italy",43.7703,11.2547,308
8244,"PHW-34","France",48.6103,2.3086,187
8245,"Seattle-0","US",47,-122.2,104
8246,"NC-6","US",35,-79.18,89
8247,"San-2","Sweden",56.07,13.74,236
8249,"Vimmerby","Sweden",57.7,15.8,295
8254,"Ang-0","Belgium",50.3,5.3,94
8256,"Bå1-2","Sweden",56.4,12.9,257
8258,"Bå4-1","Sweden",56.4,12.9,185
8259,"Bå5-1","Sweden",56.4,12.9,161
8264,"Bla-1","Spain",41.6833,2.8,275
8265,"Blh-1","Czech Republic",48.3,19.85,169
8266,"Boo2-1","Sweden",55.86,13.51,49
8270,"Bs-1","SUI",47.5,7.5,185
8271,"Bu-0","GER",50.5,9.5,272
8274,"Can-0","Spain",29.2144,-13.4811,195
8275,"Cen-0","France",49,0.5,252
8283,"Dra3-1","Sweden",55.76,14.12,129
8284,"DraII-1","Czech Republic",49.4112,16.2815,188
8285,"DraIII-1","Czech Republic",49.4112,16.2815,147
8290,"En-1","GER",50,8.5,127
8296,"Gd-1","GER",53.5,10.5,245
8297,"Ge-0","SUI",46.5,6.08,273
8300,"Gr-1","Austria",47,15.5,228
8304,"Hi-0","NED",52,5,168
8306,"Hov4-1","Sweden",56.1,13.74,267
8307,"Hovdala-6","Sweden",56.1,13.74,21
8310,"Hs-0","GER",52.24,9.44,270
8311,"In-0","Austria",47.5,11.5,424
8312,"Is-0","GER",50.5,7.5,336
8313,"Jm-0","Czech Republic",49,15,138
8314,"Ka-0","Austria",47,14,288
8323,"Lc-0","UK",57,-4,236
8325,"Lip-0","Poland",50,19.3,245
8326,"Lis-1","Sweden",56.0328,14.775,200
8329,"Lm-2","France",48,0.5,280
8334,"Lu-1","Sweden",55.71,13.2,198
8335,"Lund","Sweden",55.71,13.2,128
8337,"Mir-0","Italy",44,12.37,285
8343,"Na-1","France",47.5,1.5,401
8348,"Nw-0","GER",50.5,8.5,87
8351,"Ost-0","Sweden",60.25,18.37,346
8353,"Pa-1","Italy",38.07,13.22,181
8354,"Per-1","Russia",58,56.3167,415
8357,"Pla-0","Spain",41.5,2.25,220
8365,"Rak-2","Czech Republic",49,16,357
8366,"Rd-0","GER",50.5,8.5,142
8369,"Rev-1","Sweden",55.6942,13.4504,148
8374,"Rsch-4","Russia",56.3,34,232
8376,"Sanna-2","Sweden",62.69,18,312
8378,"Sap-0","Czech Republic",49.49,14.24,241
8386,"Sr:5","Sweden",58.9,11.2,42
8387,"St-0","Sweden",59,18,397
8388,"Stw-0","Russia",52,36,142
8389,"Ta-0","Czech Republic",49.5,14.5,187
8395,"Tu-0","Italy",45,7.5,169
8411,"Rd-0","GER",50.5,8.5,30
8412,"Sav-0","Czech Republic",49.1833,15.8833,114
8419,"Wil-1","Lithuania",54.6833,25.3167,74
8420,"Kelsterbach-4","GER",50.0667,8.5333,395
8422,"Fjä1-1","Sweden",56.06,14.29,146
8423,"Hov2-1","Sweden",56.1,13.74,83
8424,"Kas-2","India",35,77,243
8426,"Ull1-1","Sweden",56.06,13.97,103
8427,"Ull2-13","Sweden",56.0648,13.9707,5
8428,"Uod-2","Austria",48.3,14.45,2
8430,"Lisse","NED",52.25,4.5667,171
8464,"LP3413.31","US",41.6862,-86.8513,0
8483,"LP3413.53","US",41.6862,-86.8513,0
8534,"328ME007","US",42.093,-86.359,0
8557,"328ME032","US",42.093,-86.359,0
8608,"11ME1.23","US",42.093,-86.359,0
8610,"11ME1.32","US",42.093,-86.359,106
8612,"11ME1.34","US",42.093,-86.359,0
8616,"11ME1.41","US",42.093,-86.359,0
8617,"11ME1.42","US",42.093,-86.359,0
8619,"11ME1.44","US",42.093,-86.359,0
8629,"11ME2.10","US",42.093,-86.359,0
8631,"11ME2.12","US",42.093,-86.359,36
8640,"11ME2.5","US",42.093,-86.359,0
8673,"328PNA032","US",42.0945,-86.3253,0
8687,"328PNA047","US",42.0945,-86.3253,0
8690,"328PNA051","US",42.0945,-86.3253,0
8692,"328PNA054","US",42.0945,-86.3253,122
8695,"328PNA057","US",42.0945,-86.3253,0
8699,"328PNA062","US",42.0945,-86.3253,0
8701,"328PNA064","US",42.0945,-86.3253,0
8719,"1130PNA1.10","US",42.0945,-86.3253,0
8723,"11PNA1.14","US",42.0945,-86.3253,0
8724,"11PNA1.15","US",42.0945,-86.3253,0
8725,"11PNA1.4","US",42.0945,-86.3253,36
8727,"11PNA1.6","US",42.0945,-86.3253,0
8730,"11PNA1.9","US",42.0945,-86.3253,0
8759,"11PNA3.18","US",42.0945,-86.3253,0
8760,"11PNA3.19","US",42.0945,-86.3253,0
8768,"11PNA3.63","US",42.0945,-86.3253,0
8770,"11PNA3.65","US",42.0945,-86.3253,0
8774,"11PNA3.71","US",42.0945,-86.3253,0
8777,"11PNA3.75","US",42.0945,-86.3253,0
8787,"11PNA3.86","US",42.0945,-86.3253,36
8791,"11PNA3.90","US",42.0945,-86.3253,0
8796,"11PNA4.101","US",42.0945,-86.3253,122
8805,"11PNA4.110","US",42.0945,-86.3253,0
8811,"11PNA4.116","US",42.0945,-86.3253,36
8824,"11PNA4.129","US",42.0945,-86.3253,0
8954,"RMX413.1","US",42.036,-86.511,0
8957,"RMX413.12","US",42.036,-86.511,0
8961,"RMX413.16","US",42.036,-86.511,0
8962,"RMX413.17","US",42.036,-86.511,0
8965,"RMX413.2","US",42.036,-86.511,0
8966,"RMX413.20","US",42.036,-86.511,0
8967,"RMX413.21","US",42.036,-86.511,0
8969,"RMX413.24","US",42.036,-86.511,0
8970,"RMX413.25","US",42.036,-86.511,0
8973,"RMX413.29","US",42.036,-86.511,0
8975,"RMX413.30","US",42.036,-86.511,0
8976,"RMX413.31","US",42.036,-86.511,0
8977,"RMX413.32","US",42.036,-86.511,0
8985,"RMX413.4","US",42.036,-86.511,0
8992,"RMX413.48","US",42.036,-86.511,0
8996,"RMX413.51","US",42.036,-86.511,0
9001,"RMX413.57","US",42.036,-86.511,0
9004,"RMX413.6","US",42.036,-86.511,0
9006,"RMX413.62","US",42.036,-86.511,0
9007,"RMX413.63","US",42.036,-86.511,0
9008,"RMX413.66","US",42.036,-86.511,0
9011,"RMX413.69","US",42.036,-86.511,0
9012,"RMX413.7","US",42.036,-86.511,36
9027,"RMX413.85","US",42.036,-86.511,0
9041,"RMXF413.10","US",42.039,-86.5154,0
9045,"RMXF413.15","US",42.039,-86.5154,2
9053,"RMXF413.6","US",42.039,-86.5154,0
9057,"Vinslöv","Sweden",56.1,13.9167,275
9058,"Västervik","Sweden",57.75,16.6333,206
9067,"Xan-3","Azerbaijan",38.6536,48.7992,9
9069,"Xan-5","Azerbaijan",38.6536,48.7992,7
9070,"Xan-6","Azerbaijan",38.6536,48.7992,10
9075,"Lerik1-4","Azerbaijan",38.7406,48.6131,10
9077,"Lerik1-6","Azerbaijan",38.7406,48.6131,36
9078,"Lerik1-7","Azerbaijan",38.7406,48.6131,10
9079,"Lerik2-1","Azerbaijan",38.7833,48.5517,7
9081,"Lerik2-3","Azerbaijan",38.7833,48.5517,7
9084,"Lerik2-6","Azerbaijan",38.7833,48.5517,7
9085,"Lerik2-7","Azerbaijan",38.7833,48.5517,7
9089,"Nar-3","Azerbaijan",38.9522,48.925,7
9091,"Nar-5","Azerbaijan",38.9522,48.925,7
9095,"Istisu-5","Azerbaijan",38.9786,48.5594,10
9099,"Istisu-9","Azerbaijan",38.9786,48.5594,6
9100,"Lag1-2","Georgia",41.8296,46.2831,7
9102,"Lag1-4","Georgia",41.8296,46.2831,15
9103,"Lag1-5","Georgia",41.8296,46.2831,7
9104,"Lag1-6","Georgia",41.8296,46.2831,96
9105,"Lag1-7","Georgia",41.8296,46.2831,10
9106,"Lag1-8","Georgia",41.8296,46.2831,10
9111,"Lag2-4","Georgia",41.8296,46.2831,10
9113,"Lag2-6","Georgia",41.8296,46.2831,10
9114,"Lag2-7","Georgia",41.8296,46.2831,10
9115,"Lag2-10","Georgia",41.8296,46.2831,130
9121,"Bak-5","Georgia",41.7942,43.4767,129
9125,"Geg-14","Armenia",40.1408,44.8203,129
9128,"Yeg-2","Armenia",39.8692,45.3622,15
9130,"Yeg-4","Armenia",39.8692,45.3622,12
9131,"Yeg-5","Armenia",39.8692,45.3622,10
9133,"Yeg-7","Armenia",39.8692,45.3622,15
9134,"Yeg-8","Armenia",39.8692,45.3622,10
9137,"Puent-4","Spain",42.7489,-3.0497,0
9143,"Navajo-5","Spain",39.3092,-3.4242,1
9151,"Cala-7","Spain",38.8158,-4.125,0
9152,"Cala-8","Spain",38.8158,-4.125,36
9153,"San Martin-1","Spain",40.3939,-4.3919,0
9165,"Truk-5","Ukraine",50.4625,30.5411,48
9179,"Ayu-Dag-3","Ukraine",44.5656,34.3217,36
9201,"Cant-8","Spain",41.2417,-3.3828,0
9298,"Edi-1","UK",55.9681,-3.21833,131
9302,"Edi-5","UK",55.9681,-3.21833,83
9305,"Edi-8","UK",55.9681,-3.21833,0
9308,"Ullapool-3","UK",57.9,-5.1525,83
9309,"Ullapool-4","UK",57.9,-5.1525,36
9312,"Ullapool-8","UK",57.9,-5.1525,10
9314,"Gol-2","UK",57.9672,-3.96722,131
9321,"Ådal 1","Sweden",62.8622,18.336,33
9323,"Ådal 3","Sweden",62.8622,18.336,8
9332,"Bar 1","Sweden",62.8698,18.381,133
9336,"Bön 1","Sweden",62.8794,18.4473,137
9339,"Böt 1","Sweden",57.7133,15.0689,136
9342,"Böt 4","Sweden",57.7133,15.0689,0
9343,"Dju-1","Sweden",57.3089,18.1512,131
9344,"Dju-2","Sweden",57.3089,18.1512,0
9349,"Djk 3","Sweden",58.2896,15.1265,0
9351,"Död 1","Sweden",57.2608,16.3675,5
9352,"Död 2","Sweden",57.2608,16.3675,6
9353,"Död 3","Sweden",57.2608,16.3675,11
9354,"Eden 15","Sweden",62.8762,18.1746,1
9355,"Eden 16","Sweden",62.8762,18.1746,0
9356,"Eden 17","Sweden",62.8762,18.1746,7
9363,"EdJ 2","Sweden",62.9147,18.4045,131
9367,"EkN 3","Sweden",57.6787,14.9981,0
9369,"EkS 2","Sweden",57.6781,14.9986,15
9370,"EkS 3","Sweden",57.6781,14.9986,0
9371,"FäL 1","Sweden",63.016,18.3175,137
9378,"FäU 4","Sweden",63.0165,18.3174,0
9380,"FlyA 3","Sweden",55.7488,13.3742,134
9381,"Fri 1","Sweden",55.8106,14.2091,10
9382,"Fri 2","Sweden",55.8106,14.2091,12
9383,"Fri 3","Sweden",55.8106,14.2091,10
9384,"Frö 1","Sweden",57.4104,15.5743,0
9385,"Frö 3","Sweden",57.4104,15.5743,5
9386,"Grön 12","Sweden",62.806,18.1896,34
9388,"Grön 14","Sweden",62.806,18.1896,18
9390,"Hadd-1","Sweden",57.3263,15.8979,12
9391,"Hadd-2","Sweden",57.3263,15.8979,28
9392,"Hadd-3","Sweden",57.3263,15.8979,15
9394,"Hag-2","Sweden",56.5804,16.4063,139
9395,"Hal-1","Sweden",57.5089,15.0105,22
9399,"Hamm-1","Sweden",55.4234,13.9905,150
9402,"Hel-3","Sweden",57.8765,14.8549,130
9404,"HolA-1 1","Sweden",55.7491,13.399,22
9405,"HolA-1 2","Sweden",55.7491,13.399,21
9407,"HolA-2 2","Sweden",55.7491,13.399,17
9408,"Kal 1","Sweden",56.047,13.9519,140
9409,"Kia 1","Sweden",56.0573,14.302,153
9410,"Kor 1","Sweden",57.2746,16.1494,0
9411,"Kor 2","Sweden",57.2746,16.1494,0
9412,"Kor 3","Sweden",57.2746,16.1494,14
9413,"Kor 4","Sweden",57.2746,16.1494,15
9416,"Kru-3","Sweden",57.7215,18.3837,136
9418,"Kva 2","Sweden",57.2164,18.154,5
9419,"Lag 1","Sweden",58.1834,15.0062,0
9421,"Lan 1","Sweden",55.9745,14.3997,147
9427,"Näs 2","Sweden",62.8815,18.4055,142
9433,"Nyl 13","Sweden",62.9513,18.2763,17
9434,"Öde 2","Sweden",62.8959,18.3659,15
9436,"Puk-1","Sweden",56.1633,14.6806,18
9437,"Puk-2","Sweden",56.1633,14.6806,17
9442,"Sim-1","Sweden",55.5678,14.3398,26
9443,"Sim 2","Sweden",55.5678,14.3398,0
9446,"Sim 5","Sweden",55.5678,14.3398,0
9450,"Spro 1","Sweden",57.2545,18.2109,17
9451,"Spro 2","Sweden",57.2545,18.2109,14
9452,"Spro 3","Sweden",57.2545,18.2109,16
9453,"Stenk-2","Sweden",57.8009,18.5162,25
9454,"Stenk-3","Sweden",57.8009,18.5162,19
9455,"Stenk-4","Sweden",57.8009,18.5162,15
9469,"Tur 3","Sweden",57.6511,14.8043,4
9470,"Tur-4","Sweden",57.6511,14.8043,141
9471,"Ull-A-1","Sweden",56.0648,13.9707,1
9472,"UllA 2","Sweden",56.0648,13.9707,0
9476,"VårA 1","Sweden",55.5796,14.3336,24
9481,"Yst-1","Sweden",55.4242,13.8484,139
9482,"Yst 2","Sweden",55.4242,13.8484,5
9490,"02B6","UK",55.9218,-3.17108,0
9496,"09A3","UK",55.9212,-3.17857,0
9499,"13B5","UK",55.8858,-3.16015,0
9503,"11C1","UK",55.8877,-3.21072,132
9504,"12A1","UK",55.8877,-3.16377,0
9506,"IP-Alo-0","POR",40.11,-7.47,139
9507,"IP-Coa-0","POR",38.45,-7.5,136
9508,"IP-Mos-1","POR",40.04,-7.11,130
9509,"IP-Reg-0","POR",39.29,-7.4,131
9510,"IP-Rei-0","POR",38.75,-7.59,132
9511,"IP-Vav-0","POR",38.53,-8.02,130
9512,"IP-Vid-1","POR",38.22,-7.84,137
9513,"IP-Adc-5","Spain",38.77,-4.07,128
9514,"IP-Adm-0","Spain",39.15,-4.54,126
9515,"IP-Ala-0","Spain",39.72,-6.89,131
9517,"IP-All-0","Spain",42.19,-7.8,138
9518,"IP-Alm-0","Spain",39.88,-0.36,135
9519,"IP-Ang-0","Spain",41.94,2.64,136
9520,"IP-Ara-4","Spain",41.7,-3.68,141
9521,"IP-Bar-1","Spain",41.43,2.13,142
9522,"IP-Bea-0","Spain",36.52,-5.27,135
9523,"IP-Ben-0","Spain",38.37,-2.66,135
9524,"IP-Ber-0","Spain",42.52,-0.56,143
9525,"IP-Bis-0","Spain",42.49,0.54,134
9526,"IP-Cab-3","Spain",41.54,2.39,143
9527,"IP-Cad-0","Spain",40.37,-5.74,142
9528,"IP-Cal-0","Spain",40.94,-1.37,143
9529,"IP-Cap-1","Spain",36.97,-3.36,136
9530,"IP-Car-1","Spain",38.25,-4.32,130
9531,"IP-Cdc-3","Spain",41.21,-4.54,137
9532,"IP-Cdo-0","Spain",42.23,-4.64,132
9533,"IP-Cem-0","Spain",41.15,-4.32,128
9534,"IP-Cmo-3","Spain",40.05,-4.65,137
9535,"IP-Coc-1","Spain",42.31,3.19,142
9536,"IP-Cor-0","Spain",40.83,-2,131
9537,"IP-Cum-1","Spain",38.07,-6.66,134
9539,"IP-Deh-1","Spain",40.29,-6.67,143
9540,"IP-Elb-0","Spain",41.81,2.34,135
9541,"IP-Fue-2","Spain",38.26,-5.42,128
9542,"IP-Fun-0","Spain",40.79,-4.05,135
9543,"IP-Gra-0","Spain",36.77,-5.39,130
9544,"IP-Gua-1","Spain",39.4,-5.33,133
9545,"IP-Her-12","Spain",39.4,-5.78,133
9546,"IP-Hom-4","Spain",40.82,-1.68,136
9547,"IP-Hor-0","Spain",41.67,2.62,139
9548,"IP-Hoy-0","Spain",40.4,-5,137
9549,"IP-Hum-2","Spain",42.23,-3.69,135
9550,"IP-Iso-4","Spain",43.05,-5.37,5
9551,"IP-Jim-1","Spain",42.28,-5.92,132
9552,"IP-Lab-7","Spain",40.87,-4.5,9
9553,"IP-Ldd-0","Spain",41.58,-4.71,138
9554,"IP-Lso-0","Spain",38.86,-3.16,128
9555,"IP-Mar-1","Spain",39.58,-3.93,137
9556,"IP-Men-2","Spain",39.66,-4.34,135
9557,"IP-Moa-0","Spain",42.46,0.7,140
9558,"IP-Moc-11","Spain",41.57,-5.64,138
9559,"IP-Mon-5","Spain",38.06,-4.38,132
9560,"IP-Mot-0","Spain",38.19,-6.24,136
9561,"IP-Mun-0","Spain",40.71,-5.04,137
9562,"IP-Mur-0","Spain",41.67,2,142
9564,"IP-Nog-17","Spain",40.45,-1.6,135
9565,"IP-Orb-10","Spain",42.97,-1.23,135
9567,"IP-Pal-0","Spain",42.34,1.3,136
9568,"IP-Pan-0","Spain",42.76,-0.23,18
9569,"IP-Pds-1","Spain",42.87,-6.45,131
9571,"IP-Pro-0","Spain",43.28,-6.01,128
9573,"IP-Rds-0","Spain",41.86,2.99,137
9574,"IP-Rel-0","Spain",38.6,-2.7,127
9576,"IP-Rev-0","Spain",40.86,-4.11,135
9577,"IP-Ria-0","Spain",42.34,2.17,137
9578,"IP-Sac-0","Spain",42.13,-6.7,133
9579,"IP-San-10","Spain",38.33,-3.51,134
9581,"IP-Sdv-3","Spain",42.84,-5.12,141
9582,"IP-Ses-0","Spain",41.48,-1.63,142
9583,"IP-Sne-0","Spain",37.09,-3.38,128
9584,"IP-Stp-0","Spain",41.19,-3.58,136
9585,"IP-Svi-0","Spain",43.4,-7.39,133
9586,"IP-Tam-0","Spain",41.03,-3.27,135
9587,"IP-Tdc-0","Spain",41.5,-1.88,139
9588,"IP-Tol-7","Spain",42.11,0.6,134
9589,"IP-Tor-1","Spain",41.6,-2.83,134
9590,"IP-Trs-0","Spain",43.37,-5.49,132
9591,"IP-Vad-0","Spain",42.86,-3.59,139
9592,"IP-Vae-2","Spain",42.1,-5.44,12
9593,"IP-Vaz-0","Spain",42.26,-2.99,134
9594,"IP-Vdm-0","Spain",42.04,1.01,139
9595,"IP-Vdt-0","Spain",40.89,-5.5,139
9596,"IP-Ver-5","Spain",41.95,-7.45,139
9597,"IP-Vig-1","Spain",42.31,-2.53,142
9598,"IP-Vim-0","Spain",41.88,-6.51,137
9599,"IP-Vin-0","Spain",42.8,-5.77,136
9600,"IP-Vis-0","Spain",39.85,-6.04,137
9601,"IP-Voz-0","Spain",41.85,-1.88,134
9602,"IP-Vpa-1","Spain",40.5,-3.96,142
9606,"Aitba-1","Morocco",31.48,-7.45,137
9607,"Panik-1","Russia",53.05,52.15,12
9608,"Karag-2","Russia",51.37,59.44,10
9609,"Adam-1","Russia",51.41,59.98,130
9610,"Lesno-4","Russia",53.04,51.96,131
9611,"Lesno-1","Russia",53.04,51.9,131
9612,"Lesno-2","Russia",53.04,51.94,134
9613,"Balan-1","Russia",55.36,61.41,10
9615,"Parti-1","Russia",52.99,52.16,132
9616,"Krazo-1","Russia",53.06,51.96,131
9617,"Karag-1","Russia",51.37,59.44,10
9619,"Basta-1","Russia",51.84,79.48,136
9620,"Basta-2","Russia",51.82,79.48,15
9621,"Basta-3","Russia",51.84,79.46,10
9622,"Bijisk-4","Russia",52.52,85.27,132
9624,"Chaba-2","Russia",53.6,79.37,9
9625,"Kolyv-2","Russia",51.31,82.59,137
9626,"Kolyv-3","Russia",51.36,82.59,128
9627,"Kolyv-5","Russia",51.32,82.55,7
9628,"Kolyv-6","Russia",51.33,82.54,15
9629,"K-oze-1","Russia",51.35,82.18,134
9630,"K-oze-3","Russia",51.34,82.16,132
9631,"Lebja-1","Russia",51.65,80.79,131
9632,"Lebja-2","Russia",51.67,80.82,136
9633,"Lebja-4","Russia",51.63,80.83,7
9634,"Masl-1","Russia",54.13,81.31,133
9635,"Nosov-1","Russia",51.87,80.6,127
9636,"Noveg-1","Russia",51.75,80.82,129
9637,"Noveg-2","Russia",51.77,80.85,136
9638,"Noveg-3","Russia",51.73,80.86,129
9639,"Panke-1","Russia",53.82,80.31,10
9640,"Rakit-1","Russia",51.87,80.06,136
9641,"Rakit-2","Russia",51.9,80.06,132
9642,"Rakit-3","Russia",51.84,80.06,131
9643,"Sever-1","Russia",52.1,79.31,134
9644,"Zupan-1","CRO",45.07,18.72,128
9645,"Gradi-1","CRO",45.17,18.7,131
9646,"Aiell-1","Italy",39.126899,16.170188,10
9647,"Basen-1","Italy",40.37,16.77,131
9648,"Bisig-1","Italy",39.48,16.28,10
9649,"Bivio-1","Italy",39.13,16.17,135
9651,"Filet-1","Italy",40.68,14.87,132
9653,"Giffo-1","Italy",38.44,16.13,137
9655,"Marce-1","Italy",38.92,16.47,15
9656,"Marti-1","Italy",40.64,17.31,130
9657,"Melic-1","Italy",38.45,16.04,136
9658,"Nicas-1","Italy",38.97,16.34,7
9659,"Pigna-1","Italy",41.18,14.18,135
9660,"Sarno-1","Italy",40.84,14.57,132
9661,"Cimin-1","Italy",39.58,16.21,132
9663,"Teano-1","Italy",41.33,14.09,132
9664,"Mitterberg-1-179","Italy",46.36,11.28,9
9665,"Mitterberg-1-180","Italy",46.36,11.28,12
9666,"Mitterberg-1-182","Italy",46.36,11.28,10
9667,"Mitterberg-1-183","Italy",46.36,11.28,10
9668,"Mitterberg-2-184","Italy",46.37,11.28,7
9669,"Mitterberg-2-185","Italy",46.37,11.28,12
9670,"Mitterberg-2-186","Italy",46.37,11.28,10
9671,"Mitterberg-3-187","Italy",46.37,11.28,8
9672,"Mitterberg-3-188","Italy",46.37,11.28,10
9673,"Mitterberg-3-189","Italy",46.37,11.28,10
9676,"Mitterberg-4-192","Italy",46.37,11.29,10
9677,"Mitterberg-4-193","Italy",46.37,11.29,7
9678,"Mitterberg-4-194","Italy",46.37,11.29,7
9679,"Castelfed-1-195","Italy",46.34,11.29,7
9680,"Castelfed-1-196","Italy",46.34,11.29,10
9681,"Castelfed-1-197","Italy",46.34,11.29,10
9682,"Castelfed-1-198","Italy",46.34,11.29,10
9683,"Castelfed-1-199","Italy",46.34,11.29,10
9684,"Castelfed-2-200","Italy",46.34,11.29,10
9685,"Castelfed-2-201","Italy",46.34,11.29,10
9686,"Castelfed-2-202","Italy",46.34,11.29,10
9687,"Castelfed-2-203","Italy",46.34,11.29,10
9689,"Castelfed-3-205","Italy",46.34,11.29,10
9690,"Castelfed-3-206","Italy",46.34,11.29,10
9691,"Castelfed-3-207","Italy",46.34,11.29,10
9692,"Castelfed-3-208","Italy",46.34,11.29,7
9693,"Castelfed-3-209","Italy",46.34,11.29,10
9694,"Castelfed-4-210","Italy",46.34,11.29,10
9695,"Castelfed-4-211","Italy",46.34,11.29,10
9696,"Castelfed-4-214","Italy",46.34,11.29,10
9697,"Dolen-1","BUL",41.62,23.94,136
9698,"Goced-1","BUL",41.57,23.85,135
9699,"Kolar-1","BUL",41.37,23.14,136
9700,"Dolna-1-10","BUL",42.32,23.1,10
9701,"Ivano-1","BUL",43.7,25.91,131
9703,"Melni-1","BUL",41.53,23.39,7
9704,"Melni-2","BUL",41.53,23.39,15
9705,"Choto-1","BUL",41.5,23.33,131
9706,"Dospa-1","BUL",41.64,24.18,131
9707,"Podvi-1","BUL",41.57,24.84,132
9708,"Kardz-1","BUL",41.62,25.35,128
9709,"Zerev-1-34","BUL",41.85,23.13,10
9710,"Zerev-1-35","BUL",41.85,23.13,7
9711,"Dolna-1-39","BUL",42.32,23.1,10
9712,"Dolna-1-40","BUL",42.32,23.1,15
9713,"Stara-1","BUL",42.49,25.61,133
9714,"Grivo-1","BUL",41.84,25.75,131
9716,"Leska-1-44","BUL",41.54,24.98,134
9717,"Kardz-2","BUL",41.66,25.47,132
9718,"Smolj-1","BUL",41.55,24.75,127
9719,"Koren-1","BUL",41.83,25.69,132
9720,"Malak-1","BUL",41.77,25.68,130
9721,"Schip-1","BUL",42.72,25.33,15
9722,"Groch-1","BUL",41.71,24.41,128
9723,"Slavi-2","BUL",41.42,23.67,137
9725,"Epidauros-1","Greece",37.6,23.08,132
9726,"Faneronemi-3","Greece",37.07,22.04,137
9727,"Olympia-2","Greece",37.63,21.62,15
9728,"Stiav-1","Slovakia",48.46,18.9,10
9729,"Stiav-2","Slovakia",48.46,18.9,10
9730,"Bela-1","Slovakia",48.47,18.94,15
9731,"Stiav-3","Slovakia",48.46,18.9,10
9732,"Halca-1","Slovakia",48.47,18.96,126
9733,"Bela-2","Slovakia",48.47,18.94,12
9735,"Bela-4","Slovakia",48.47,18.94,9
9736,"Teiu-2","Romania",44.69,25.17,135
9737,"Ulies-1","Romania",45.95,22.62,134
9738,"Bran-1","Romania",45.57,25.42,130
9739,"Toc-1","Romania",46.01,22.33,134
9741,"Orast-1","Romania",45.84,23.16,136
9743,"Furni-1","Romania",45.14,25,135
9744,"Iasi-1","Romania",47.16,27.59,131
9745,"Sij 1/96","Uzbekistan",41.45,70.05,15
9747,"Zabar-1","Serbia",44.38,21.22,131
9748,"Zagub-1","Serbia",44.23,21.71,136
9749,"Knjas-1","Serbia",43.54,22.29,132
9754,"Sredn-1","Serbia",44.66,21.37,125
9755,"Vajug-1","Serbia",44.56,22.56,129
9756,"Staro-2","Serbia",44.3,21.08,13
9757,"Staro-1","Serbia",44.3,21.08,15
9758,"Altai-5","China",47.75,88.4,151
9759,"Anz-0","Iran",37.47,49.47,151
9761,"Bik-1","Lebanon",33.92,35.7,132
9762,"Etna-2","Italy",37.69,14.98,159
9764,"Qar-8a","Lebanon",34.1,35.84,159
9766,"Westkar-4","Kyrgyzstan",42.26,74.16,163
9768,"Ru4-16","GER",48.57,9.16,15
9769,"HE-1","GER",48.55,8.99,135
9770,"KBG2-13","GER",48.53,9.01,15
9771,"Pfn-N2.2-6","GER",48.56,9.11,131
9772,"Hof-1","GER",48.41,8.85,138
9774,"Alt-1","GER",48.59,9.22,135
9775,"Berg-1","GER",48.41,8.79,136
9776,"Fell3-7","GER",48.43,8.79,21
9777,"Gn-1","GER",48.57,9.17,130
9778,"Bach-7","GER",48.41,8.84,21
9779,"Bai-10","GER",48.5,8.78,136
9780,"Fell2-4","GER",48.43,8.79,10
9781,"Kus2-2","GER",48.52,9.11,136
9782,"Lu3-30","GER",48.53,9.09,134
9783,"Tu-PK-7","GER",48.52,9.05,10
9784,"Erg2-6","GER",48.5,8.8,139
9785,"Ha-HBT1-2","GER",48.54,9.02,15
9786,"Ha-P-13","GER",48.54,9.01,10
9787,"HI-4","GER",48.5,9,132
9788,"KBG1-14","GER",48.53,9.01,10
9789,"Obh-13","GER",48.39,8.96,132
9790,"Gn2-3","GER",48.58,9.18,131
9791,"Haes-1","GER",48.6,9.2,131
9792,"Lu4-2","GER",48.54,9.09,10
9793,"Ru-N2","GER",48.57,9.16,15
9794,"Tu-B1-2","GER",48.52,9.08,15
9795,"Wank-2","GER",48.5,9.11,137
9796,"Bach2-1","GER",48.41,8.84,15
9797,"Ha-HBT2-10","GER",48.54,9.02,10
9798,"Ha-P2-1","GER",48.54,9.01,15
9799,"Hart-2","GER",48.39,8.85,131
9800,"Ha-S-B","GER",48.54,9.01,15
9801,"Ha-SP-2","GER",48.54,9.01,15
9802,"Kus3-1","GER",48.51,9.11,131
9803,"Muh-2","GER",48.42,8.76,136
9804,"Obe1-15","GER",48.45,8.87,141
9805,"Pfn-10","GER",48.54,9.09,10
9806,"Ru-2","GER",48.56,9.16,16
9807,"Schl-7","GER",48.6,9.22,138
9808,"Tu-B2-3","GER",48.52,9.08,10
9809,"Tu-KB-6","GER",48.52,9.05,10
9810,"Tu-KS-7","GER",48.53,9.07,130
9811,"Tu-NK-12","GER",48.52,9.05,21
9812,"Tu-W1","GER",48.52,9.03,132
9813,"BI-4","GER",48.4,8.77,136
9814,"Fell1-10","GER",48.42,8.79,136
9815,"Ha-HBT3-11","GER",48.54,9.02,15
9816,"Tu-WH","GER",48.55,9.06,15
9817,"IP-Ace-0","Spain",39.84,-6.6,129
9819,"IP-Amu-0","Spain",42.35,-3.03,137
9820,"IP-Are-0","Spain",41,-4.71,134
9821,"IP-Aru-0","Spain",41.81,2.49,137
9822,"IP-Aul-0","Spain",40.52,-4.02,138
9823,"IP-Bae-0","Spain",43.34,-5.84,131
9824,"IP-Bes-5","Spain",42.91,-4.91,13
9825,"IP-Boa-0","Spain",40.4,-3.88,134
9826,"IP-Bor-0","Spain",42.49,-6.71,133
9827,"IP-Bos-0","Spain",42.78,0.69,132
9828,"IP-Bra-0","Spain",42.5,-6.15,131
9830,"IP-Bus-0","Spain",36.97,-3.28,132
9831,"IP-Cas-0","Spain",38.54,-3.39,132
9832,"IP-Cat-0","Spain",40.54,-3.69,132
9833,"IP-Cha-0","Spain",40.38,-4.21,137
9834,"IP-Cho-0","Spain",40.51,-3.9,134
9835,"IP-Cir-0","Spain",40.61,-6.57,134
9836,"IP-Cod-0","Spain",41.25,-1.32,134
9837,"IP-Con-0","Spain",37.94,-5.6,130
9838,"IP-Cot-0","Spain",41.83,-5.38,130
9839,"IP-Coy-0","Spain",40.44,-4.27,135
9840,"IP-Dar-0","Spain",41.13,-1.43,135
9841,"IP-Ees-0","Spain",40.59,-4.15,134
9843,"IP-Elp-0","Spain",40.53,-3.92,137
9844,"IP-Esn-2","Spain",42.27,0.19,16
9845,"IP-Evs-0","Spain",40.48,-3.96,133
9846,"IP-Ezc-2","Spain",42.31,-3.02,135
9847,"IP-Fel-2","Spain",43.31,-5.7,128
9848,"IP-Glo-1","Spain",40.11,-5.77,135
9849,"IP-Gud-3","Spain",40.65,-4.11,136
9850,"IP-Hec-0","Spain",42.86,-0.7,137
9851,"IP-Hue-3","Spain",42.96,-6.1,11
9852,"IP-Ini-0","Spain",40.46,-3.75,134
9853,"IP-Lac-0","Spain",43.33,-5.91,135
9854,"IP-Laf-1","Spain",43.36,-5.88,132
9855,"IP-Lam-0","Spain",40.57,-3.89,137
9856,"IP-Lch-0","Spain",40.51,-4,16
9857,"IP-Leg-0","Spain",40.33,-3.8,16
9858,"IP-Loz-0","Spain",40.98,-3.8,15
9859,"IP-Lro-0","Spain",40.5,-3.88,13
9860,"IP-Lum-0","Spain",42.24,-2.62,10
9861,"IP-Mac-0","Spain",40.72,-3.21,15
9862,"IP-Mad-0","Spain",40.45,-3.67,10
9864,"IP-Mat-0","Spain",41.76,2.69,16
9866,"IP-Mdd-0","Spain",41.89,-2.79,136
9867,"IP-Mie-1","Spain",40.94,-3.22,137
9868,"IP-Moe-0","Spain",41.78,2.37,134
9869,"IP-Moj-0","Spain",36.76,-5.28,129
9870,"IP-Moz-0","Spain",41.91,0.17,136
9871,"IP-Nac-0","Spain",40.75,-3.99,130
9873,"IP-Ndc-0","Spain",37.94,-5.45,129
9874,"IP-Oja-0","Spain",42.34,-3,134
9875,"IP-Ovi-1","Spain",43.38,-5.87,130
9876,"IP-Pad-0","Spain",41.34,0.99,134
9877,"IP-Pdl-0","Spain",43.02,-5.6,11
9878,"IP-Pee-0","Spain",40.78,-3.62,136
9879,"IP-Per-0","Spain",37.6,-1.12,129
9880,"IP-Pib-1","Spain",42.72,-3.44,134
9881,"IP-Pie-0","Spain",40.46,-5.32,136
9882,"IP-Pil-0","Spain",40.46,-4.26,134
9883,"IP-Piq-0","Spain",42.1,-2.56,133
9885,"IP-Prd-0","Spain",41.14,-3.68,134
9886,"IP-Pru-0","Spain",42.38,1.73,135
9887,"IP-Pun-0","Spain",40.4,-4.77,131
9888,"IP-Pva-1","Spain",40.93,-3.31,136
9890,"IP-Rib-1","Spain",43.16,-5.07,132
9891,"IP-Sal-0","Spain",41.93,2.92,129
9892,"IP-Sam-0","Spain",42.68,-6.96,133
9894,"IP-Sen-0","Spain",42.59,0.76,131
9895,"IP-Sfb-6","Spain",41.78,2.57,137
9897,"IP-Smt-1","Spain",40.95,-5.63,137
9898,"IP-Som-0","Spain",41.14,-3.58,135
9899,"IP-Tau-0","Spain",42.54,0.84,138
9900,"IP-Tri-0","Spain",37.38,-6.01,132
9901,"IP-Urd-1","Spain",42.27,-2.98,132
9902,"IP-Usa-0","Spain",40.71,-3.24,137
9903,"IP-Val-0","Spain",42.31,-3.1,129
9904,"IP-Vas-0","Spain",40.95,-3.31,135
9905,"IP-Ven-0","Spain",40.76,-4.01,128
9906,"IP-Mah-6","Spain",40,4.25,133
9908,"ESP-1-11","France",50.72,3.47,15
9909,"GEN-8","France",50.59,3.3,14
9910,"BRI-2","France",50.68,3.52,135
9911,"ARGE-1-15","France",47.16,4.28,10
9912,"CIRY-13","France",46.67,4.55,8
9914,"IST-29","France",47.58,5.33,15
9915,"MAR-4-16","France",47.45,3.94,128
9917,"RAD-21","France",46.69,4.34,15
9918,"SAUL-24","France",47.43,5.21,109
9920,"DIR-9","France",48.54,4.32,136
9921,"FOR-23","France",48.57,4.41,10
9924,"PLY-20","France",48.59,4.24,132
9925,"RUM-20","France",48.91,4.52,135
9926,"TRE-1","France",48.86,4.1,15
9927,"ARR-17","France",44.05,3.69,130
9928,"BEZ-9","France",44.12,3.77,128
9929,"ISS-20","France",43.92,3.71,15
9930,"LEC-25","France",43.91,4.14,15
9932,"NOZ-6","France",44.12,4.33,14
9933,"VED-10","France",43.74,3.89,137
9935,"BAU-15","France",50.6,2.93,131
9937,"CATS-6","France",50.79,2.69,131
9938,"WAV-8","France",50.65,2.99,136
9939,"Aitba-2","Morocco",31.48,-7.45,19
9941,"Fei-0","POR",40.92,-8.54,135
9942,"Agu-1","Spain",41.32,-1.34,18
9943,"Cdm-0","Spain",39.73,-5.74,19
9944,"Don-0","Spain",36.83,-6.36,140
9945,"Leo-1","Spain",41.8,-3.11,19
9946,"Mer-6","Spain",38.92,-6.34,16
9947,"Ped-0","Spain",40.74,-3.9,140
9948,"Pra-6","Spain",41.05,-3.54,15
9949,"Qui-0","Spain",42.69,-6.93,17
9950,"Vie-0","Spain",42.63,0.76,17
9951,"Kly-1","Russia",51.3333,82.5667,16
9952,"Kly-4","Russia",51.32,82.55,14
9953,"Koz-2","Russia",51.33,82.19,14
9955,"Stepn-2","Russia",54.09,60.46,11
9956,"Stepn-1","Russia",54.06,60.48,11
9957,"Borsk-2","Russia",53.04,51.75,11
9958,"Shigu-1","Russia",53.33,49.48,19
9959,"Shigu-2","Russia",53.33,49.48,19
9960,"Kidr-1","Russia",51.31,57.56,19
9962,"Galdo-1","Italy",40.57,15.32,14
9963,"Lago-1","Italy",39.18,16.26,14
9964,"Mammo-1","Italy",38.36,16.23,14
9965,"Mammo-2","Italy",38.38,16.22,18
9966,"Monte-1","Italy",40.28,15.65,16
9968,"Timpo-1","Italy",39.27,16.27,19
9969,"Valsi-1","Italy",40.18,16.45,13
9970,"Altenb-2","Italy",46.37,11.24,19
9971,"Bozen-1.1","Italy",46.51,11.33,19
9972,"Bozen-1.2","Italy",46.51,11.33,19
9973,"Mitterberg-1-181","Italy",46.36,11.28,17
9974,"Castelfed-4-212","Italy",46.34,11.29,19
9975,"Castelfed-4-213","Italy",46.34,11.29,18
9976,"Rovero-1","Italy",46.25,11.17,19
9978,"Vezzano-2.2","Italy",46.63,10.82,19
9979,"Voeran-1","Italy",46.36,11.23,19
9980,"Angel-1","Italy",38.62,16.17,16
9981,"Angit-1","Italy",38.76,16.24,11
9982,"Apost-1","Italy",39.01,16.47,11
9983,"Ciste-1","Italy",41.62,12.87,19
9984,"Ciste-2","Italy",41.62,12.87,14
9985,"Slavi-1","BUL",41.43,23.65,19
9986,"Jablo-1","BUL",41.59,25.2,18
9987,"Lecho-1","BUL",41.43,23.5,19
9988,"Bak-2","Georgia",41.7942,43.4767,18
9990,"Lag2-2","Georgia",41.8296,46.2831,14
9991,"Vash-1","Georgia",41.2381,46.3728,10
9993,"Nemrut-1","Turkey",38.6425,42.2394,15
9995,"HKT2.4","GER",48.14,9.4,18
9996,"Nie1-2","GER",48.52,8.8,16
9997,"Rue3.1-31","GER",48.56,9.16,16
9998,"Star-8","GER",48.43,8.82,19
9999,"TueSB30-3","GER",48.53,9.06,19
10001,"TueV-13","GER",48.52,9.05,19
10002,"TueWal-2","GER",48.53,9.04,19
10004,"Bolin-1","Romania",44.46,25.74,19
10005,"Copac-1","Romania",46.11,21.95,20
10006,"Kastel-1","Ukraine",44.6419,34.3814,138
10008,"Sij-1","Uzbekistan",41.45,70.05,13
10009,"Sij-2","Uzbekistan",41.45,70.05,19
10010,"Sij-4","Uzbekistan",41.45,70.05,18
10011,"Yeg-1","Armenia",39.8692,45.3622,15
10012,"Istisu-1","Azerbaijan",38.9786,48.5594,14
10013,"Lerik1-3","Azerbaijan",38.7406,48.6131,13
10014,"Xan-1","Azerbaijan",38.6536,48.7992,137
10015,"Ara-1","Afghanistan",37.29,71.3,19
10017,"Petro-1","Serbia",44.34,21.46,17
10018,"Dobra-1","Serbia",44.84,20.16,19
10020,"Jl-2","Czech Republic",49.17,16.5,33
10022,"Uk-3","GER",48.0333,7.7667,17
10023,"Strand-1","Norway",68.8,15.45,10
10027,"Uk-6","GER",48.02838,7.765567,0
14312,"Kos-1","Russia",62.02,34.12,0
14313,"Kos-2","Russia",62.02,34.12,0
14314,"Radk-1","Russia",61.59,35.11,0
14315,"Radk-2","Russia",61.59,35.11,0
14318,"Shu-1","Russia",61.94,34.24,0
14319,"Shu-2","Russia",61.94,34.24,0
15560,"Valm","Russia",61.37,61.37,0
15591,"OOE1-1","Austria",48.3315333,14.72665,0
15592,"OOE3-1","Austria",48.3314667,14.7158667,0
15593,"OOE3-2","Austria",48.3314667,14.7158667,0
18694,"Pien","Russia",60.4,32.09,0
18696,"Samm","Russia",61.57,30.63,0
19949,"OOE2-1","Austria",48.3268333,14.7181667,0
19950,"OOE2-2","Austria",48.3268333,14.7181667,0
19951,"OOE23","Austria",48.3268333,14.7181667,0
100000,"Wil-1","Lithuania",54.6833,25.3167,118
